-- phpMyAdmin SQL Dump
-- version 5.0.4
-- https://www.phpmyadmin.net/
--
-- Host: 127.0.0.1
-- Waktu pembuatan: 04 Feb 2021 pada 03.16
-- Versi server: 10.4.17-MariaDB
-- Versi PHP: 7.4.14

SET SQL_MODE = "NO_AUTO_VALUE_ON_ZERO";
START TRANSACTION;
SET time_zone = "+00:00";


/*!40101 SET @OLD_CHARACTER_SET_CLIENT=@@CHARACTER_SET_CLIENT */;
/*!40101 SET @OLD_CHARACTER_SET_RESULTS=@@CHARACTER_SET_RESULTS */;
/*!40101 SET @OLD_COLLATION_CONNECTION=@@COLLATION_CONNECTION */;
/*!40101 SET NAMES utf8mb4 */;

--
-- Database: `asuransi`
--

-- --------------------------------------------------------

--
-- Struktur dari tabel `kendaraan`
--

CREATE TABLE `kendaraan` (
  `nomorkendaraan` varchar(11) NOT NULL,
  `kodenasabah` varchar(15) NOT NULL,
  `jeniskendaraan` varchar(30) NOT NULL
) ENGINE=InnoDB DEFAULT CHARSET=latin1;

--
-- Dumping data untuk tabel `kendaraan`
--

INSERT INTO `kendaraan` (`nomorkendaraan`, `kodenasabah`, `jeniskendaraan`) VALUES
('10000', 'ZG84862', 'Two-Door Car'),
('10001', 'TW91179', 'Four-Door Car'),
('10002', 'IY59173', 'SUV'),
('10003', 'DM79012', 'Four-Door Car'),
('10004', 'LN31673', 'Four-Door Car'),
('10005', 'NR15332', 'Four-Door Car'),
('10006', 'RI24911', 'Two-Door Car'),
('10007', 'EM66435', 'Four-Door Car'),
('10008', 'AY40674', 'SUV'),
('10009', 'WU60905', 'SUV'),
('10010', 'GN45013', 'Four-Door Car'),
('10011', 'GF65731', 'Sports Car'),
('10012', 'ZR25747', 'Two-Door Car'),
('10013', 'LL62746', 'SUV'),
('10014', 'AW73065', 'Four-Door Car'),
('10015', 'SH55671', 'Sports Car'),
('10016', 'TN50051', 'Two-Door Car'),
('10017', 'KM33477', 'Four-Door Car'),
('10018', 'ZO83562', 'Four-Door Car'),
('10019', 'CB58476', 'Four-Door Car'),
('10020', 'FS76657', 'Four-Door Car'),
('10021', 'KJ87930', 'SUV'),
('10022', 'VB87946', 'Four-Door Car'),
('10023', 'KU61611', 'Sports Car'),
('10024', 'VH62084', 'Four-Door Car'),
('10025', 'IA15979', 'Four-Door Car'),
('10026', 'SG32258', 'Four-Door Car'),
('10027', 'PM61374', 'Two-Door Car'),
('10028', 'UO98052', 'Four-Door Car'),
('10029', 'NT89061', 'Four-Door Car'),
('10030', 'KU56006', 'Four-Door Car'),
('10031', 'YH43527', 'Four-Door Car'),
('10032', 'QH19450', 'Four-Door Car'),
('10033', 'MK70700', 'Four-Door Car'),
('10034', 'QY74517', 'Four-Door Car'),
('10035', 'FY51713', 'Four-Door Car'),
('10036', 'BX94438', 'SUV'),
('10037', 'DJ77787', 'Four-Door Car'),
('10038', 'GM62071', 'Luxury Car'),
('10039', 'SU71163', 'Two-Door Car'),
('10040', 'EA25683', 'Luxury SUV'),
('10041', 'MC71942', 'Two-Door Car'),
('10042', 'YQ99152', 'Two-Door Car'),
('10043', 'PM76175', 'Sports Car'),
('10044', 'UT38865', 'Four-Door Car'),
('10045', 'FE73696', 'Two-Door Car'),
('10046', 'SW19699', 'Four-Door Car'),
('10047', 'YT69858', 'Two-Door Car'),
('10048', 'SA50567', 'Four-Door Car'),
('10049', 'UI73201', 'Two-Door Car'),
('10050', 'YI28422', 'Four-Door Car'),
('10051', 'RB38792', 'Sports Car'),
('10052', 'TA89713', 'Sports Car'),
('10053', 'KP34198', 'Four-Door Car'),
('10054', 'XA55993', 'Four-Door Car'),
('10055', 'BU44523', 'Four-Door Car'),
('10056', 'OZ97704', 'SUV'),
('10057', 'BQ51587', 'Four-Door Car'),
('10058', 'GE87503', 'SUV'),
('10059', 'JZ61422', 'Four-Door Car'),
('10060', 'OJ90342', 'Four-Door Car'),
('10061', 'EG48956', 'Two-Door Car'),
('10062', 'TE35785', 'Luxury SUV'),
('10063', 'LU89008', 'Four-Door Car'),
('10064', 'GM16780', 'Sports Car'),
('10065', 'JY90595', 'Two-Door Car'),
('10066', 'YE68736', 'SUV'),
('10067', 'SI26888', 'Four-Door Car'),
('10068', 'OX72195', 'Two-Door Car'),
('10069', 'FG91922', 'SUV'),
('10070', 'KU88219', 'Sports Car'),
('10071', 'NE49052', 'Four-Door Car'),
('10072', 'TS53809', 'Two-Door Car'),
('10073', 'NH16984', 'Four-Door Car'),
('10074', 'FH51383', 'Two-Door Car'),
('10075', 'GK72076', 'Four-Door Car'),
('10076', 'EL62967', 'Two-Door Car'),
('10077', 'QN62502', 'Four-Door Car'),
('10078', 'KY38074', 'Four-Door Car'),
('10079', 'MC62068', 'Four-Door Car'),
('10080', 'ZW84453', 'Four-Door Car'),
('10081', 'BI76326', 'SUV'),
('10082', 'AP98768', 'Four-Door Car'),
('10083', 'DW19309', 'SUV'),
('10084', 'TT82373', 'Sports Car'),
('10085', 'VP57424', 'Four-Door Car'),
('10086', 'CQ75652', 'Four-Door Car'),
('10087', 'TK60799', 'SUV'),
('10088', 'XR87264', 'Four-Door Car'),
('10089', 'WL65572', 'Four-Door Car'),
('10090', 'DE28132', 'SUV'),
('10091', 'QD31377', 'SUV'),
('10092', 'VG57728', 'Four-Door Car'),
('10093', 'DP26592', 'Four-Door Car'),
('10094', 'AG22225', 'Four-Door Car'),
('10095', 'LS98306', 'Four-Door Car'),
('10096', 'EP93369', 'Sports Car'),
('10097', 'TD20252', 'Four-Door Car'),
('10098', 'JU19953', 'Two-Door Car'),
('10099', 'OJ33945', 'Two-Door Car'),
('10100', 'DX98298', 'Sports Car'),
('10101', 'EZ74530', 'Sports Car'),
('10102', 'WY57101', 'Four-Door Car'),
('10103', 'SR38658', 'Sports Car'),
('10104', 'SX26335', 'Four-Door Car'),
('10105', 'RV98763', 'Four-Door Car'),
('10106', 'XV84099', 'Four-Door Car'),
('10107', 'JC11405', 'Luxury SUV'),
('10108', 'BV55014', 'Two-Door Car'),
('10109', 'VW27730', 'SUV'),
('10110', 'SN16059', 'Four-Door Car'),
('10111', 'GQ66762', 'Four-Door Car'),
('10112', 'US85318', 'Four-Door Car'),
('10113', 'QG15661', 'Four-Door Car'),
('10114', 'VW46878', 'Four-Door Car'),
('10115', 'WO78310', 'Four-Door Car'),
('10116', 'MK52197', 'Four-Door Car'),
('10117', 'RJ79502', 'SUV'),
('10118', 'DT99586', 'SUV'),
('10119', 'UW98698', 'Four-Door Car'),
('10120', 'XT93203', 'Luxury SUV'),
('10121', 'AV72430', 'Four-Door Car'),
('10122', 'HR64684', 'Four-Door Car'),
('10123', 'BU16704', 'Four-Door Car'),
('10124', 'YU72540', 'Four-Door Car'),
('10125', 'XZ64172', 'Luxury SUV'),
('10126', 'MD43085', 'Four-Door Car'),
('10127', 'WP58340', 'Luxury SUV'),
('10128', 'DE75225', 'SUV'),
('10129', 'DS81757', 'Two-Door Car'),
('10130', 'XC67861', 'Two-Door Car'),
('10131', 'QR87004', 'Four-Door Car'),
('10132', 'EN21086', 'Four-Door Car'),
('10133', 'XX12304', 'Four-Door Car'),
('10134', 'FE84989', 'Four-Door Car'),
('10135', 'XI41052', 'SUV'),
('10136', 'DQ10761', 'Four-Door Car'),
('10137', 'UX38930', 'SUV'),
('10138', 'FJ54907', 'Luxury SUV'),
('10139', 'PN86062', 'Four-Door Car'),
('10140', 'BD16530', 'Four-Door Car'),
('10141', 'PI78084', 'Two-Door Car'),
('10142', 'TJ20375', 'Two-Door Car'),
('10143', 'GB35238', 'Two-Door Car'),
('10144', 'NF31087', 'Four-Door Car'),
('10145', 'VT63298', 'Four-Door Car'),
('10146', 'NJ46849', 'Four-Door Car'),
('10147', 'OD56551', 'Four-Door Car'),
('10148', 'DQ28641', 'Four-Door Car'),
('10149', 'NP91656', 'Four-Door Car'),
('10150', 'VU32116', 'SUV'),
('10151', 'IE15348', 'SUV'),
('10152', 'YX99200', 'Two-Door Car'),
('10153', 'BH35016', 'Two-Door Car'),
('10154', 'JM62924', 'Four-Door Car'),
('10155', 'NI17718', 'Four-Door Car'),
('10156', 'ES57969', 'Four-Door Car'),
('10157', 'UK59698', 'Two-Door Car'),
('10158', 'CM55703', 'Two-Door Car'),
('10159', 'OH64088', 'Four-Door Car'),
('10160', 'RX12347', 'Four-Door Car'),
('10161', 'ZF40671', 'Two-Door Car'),
('10162', 'JS43228', 'Four-Door Car'),
('10163', 'JX68983', 'Four-Door Car'),
('10164', 'YE97964', 'SUV'),
('10165', 'HV83672', 'Four-Door Car'),
('10166', 'OS75493', 'Four-Door Car'),
('10167', 'MU23938', 'SUV'),
('10168', 'VL34577', 'Two-Door Car'),
('10169', 'OO63074', 'SUV'),
('10170', 'LW77178', 'Two-Door Car'),
('10171', 'EG94326', 'SUV'),
('10172', 'JW12998', 'Sports Car'),
('10173', 'CU13711', 'Four-Door Car'),
('10174', 'YO58424', 'Four-Door Car'),
('10175', 'HJ15383', 'Four-Door Car'),
('10176', 'UF37831', 'Luxury SUV'),
('10177', 'NM62724', 'Two-Door Car'),
('10178', 'SJ95423', 'SUV'),
('10179', 'DP45816', 'Two-Door Car'),
('10180', 'IC13702', 'Four-Door Car'),
('10181', 'JT52858', 'Four-Door Car'),
('10182', 'CE56187', 'SUV'),
('10183', 'CM88932', 'Four-Door Car'),
('10184', 'RA66180', 'Two-Door Car'),
('10185', 'NM88660', 'Four-Door Car'),
('10186', 'IO33050', 'Four-Door Car'),
('10187', 'FV19421', 'Four-Door Car'),
('10188', 'NZ15548', 'Four-Door Car'),
('10189', 'KH59823', 'SUV'),
('10190', 'DR38127', 'Four-Door Car'),
('10191', 'BE62503', 'Two-Door Car'),
('10192', 'UU98729', 'Four-Door Car'),
('10193', 'MR57294', 'Four-Door Car'),
('10194', 'OA96690', 'Four-Door Car'),
('10195', 'VM84548', 'SUV'),
('10196', 'OH15771', 'SUV'),
('10197', 'BI34376', 'Two-Door Car'),
('10198', 'KT40899', 'Four-Door Car'),
('10199', 'OI29521', 'Two-Door Car'),
('10200', 'ET79528', 'Four-Door Car'),
('10201', 'SC93784', 'Four-Door Car'),
('10202', 'IQ82914', 'Two-Door Car'),
('10203', 'TX17484', 'Four-Door Car'),
('10204', 'DJ51510', 'Four-Door Car'),
('10205', 'IU96845', 'Four-Door Car'),
('10206', 'EX28656', 'Luxury SUV'),
('10207', 'ZX23819', 'Two-Door Car'),
('10208', 'UA19178', 'Four-Door Car'),
('10209', 'ZK21724', 'SUV'),
('10210', 'SN41301', 'Four-Door Car'),
('10211', 'OE51254', 'Four-Door Car'),
('10212', 'DX31066', 'Four-Door Car'),
('10213', 'IR62668', 'Four-Door Car'),
('10214', 'VO78441', 'Four-Door Car'),
('10215', 'TK30357', 'SUV'),
('10216', 'TM65736', 'Four-Door Car'),
('10217', 'UC84059', 'Sports Car'),
('10218', 'PZ94551', 'SUV'),
('10219', 'IB80924', 'SUV'),
('10220', 'ZB50601', 'Four-Door Car'),
('10221', 'MJ51323', 'Luxury SUV'),
('10222', 'TM14491', 'SUV'),
('10223', 'VD27065', 'Four-Door Car'),
('10224', 'VC54081', 'Four-Door Car'),
('10225', 'QO79771', 'Four-Door Car'),
('10226', 'JP12645', 'SUV'),
('10227', 'YU86594', 'Four-Door Car'),
('10228', 'PY51963', 'SUV'),
('10229', 'UG93476', 'SUV'),
('10230', 'PU25891', 'Sports Car'),
('10231', 'AZ95587', 'Four-Door Car'),
('10232', 'YL83902', 'Four-Door Car'),
('10233', 'OY38576', 'SUV'),
('10234', 'IP66913', 'Two-Door Car'),
('10235', 'BH36570', 'Two-Door Car'),
('10236', 'HS67749', 'Four-Door Car'),
('10237', 'BL90769', 'SUV'),
('10238', 'CY50337', 'Four-Door Car'),
('10239', 'WM65373', 'SUV'),
('10240', 'QC89139', 'SUV'),
('10241', 'ZU93025', 'Two-Door Car'),
('10242', 'WZ53904', 'Four-Door Car'),
('10243', 'RS24501', 'SUV'),
('10244', 'UP71482', 'Four-Door Car'),
('10245', 'WZ31900', 'SUV'),
('10246', 'UH45301', 'Four-Door Car'),
('10247', 'EH24828', 'Four-Door Car'),
('10248', 'CE12380', 'Four-Door Car'),
('10249', 'ZD63451', 'Four-Door Car'),
('10250', 'WU14549', 'Two-Door Car'),
('10251', 'MZ16820', 'Four-Door Car'),
('10252', 'EO91797', 'SUV'),
('10253', 'LF66923', 'Two-Door Car'),
('10254', 'FM46980', 'Four-Door Car'),
('10255', 'NC99948', 'Four-Door Car'),
('10256', 'LQ68252', 'SUV'),
('10257', 'HF75891', 'SUV'),
('10258', 'MP53505', 'Sports Car'),
('10259', 'RV67546', 'Four-Door Car'),
('10260', 'DM74502', 'Sports Car'),
('10261', 'TR88637', 'SUV'),
('10262', 'MY13737', 'SUV'),
('10263', 'OF78862', 'Four-Door Car'),
('10264', 'DU18362', 'Two-Door Car'),
('10265', 'SI11249', 'Four-Door Car'),
('10266', 'RQ11502', 'SUV'),
('10267', 'DQ79499', 'SUV'),
('10268', 'ZO14864', 'Two-Door Car'),
('10269', 'KW81128', 'Sports Car'),
('10270', 'AN47199', 'Two-Door Car'),
('10271', 'CP28581', 'SUV'),
('10272', 'IK92617', 'Four-Door Car'),
('10273', 'KR50062', 'Two-Door Car'),
('10274', 'IV55977', 'Two-Door Car'),
('10275', 'IL56791', 'Two-Door Car'),
('10276', 'ST27958', 'Four-Door Car'),
('10277', 'DQ50538', 'SUV'),
('10278', 'XK64261', 'Two-Door Car'),
('10279', 'SH36774', 'Luxury SUV'),
('10280', 'GJ59592', 'Four-Door Car'),
('10281', 'EI46264', 'Four-Door Car'),
('10282', 'QL93655', 'Two-Door Car'),
('10283', 'RA70851', 'Four-Door Car'),
('10284', 'GB33195', 'Four-Door Car'),
('10285', 'ML82674', 'SUV'),
('10286', 'QR15857', 'Two-Door Car'),
('10287', 'LK74984', 'Four-Door Car'),
('10288', 'AL96740', 'Four-Door Car'),
('10289', 'XP11075', 'SUV'),
('10290', 'EX46492', 'Two-Door Car'),
('10291', 'WO94087', 'Four-Door Car'),
('10292', 'NM42917', 'SUV'),
('10293', 'HF75276', 'Four-Door Car'),
('10294', 'KG81168', 'Four-Door Car'),
('10295', 'UD47050', 'Four-Door Car'),
('10296', 'XS22323', 'Four-Door Car'),
('10297', 'IV74747', 'Four-Door Car'),
('10298', 'QK18099', 'Four-Door Car'),
('10299', 'XX29952', 'Four-Door Car'),
('10300', 'TG68823', 'Four-Door Car'),
('10301', 'SF29724', 'Four-Door Car'),
('10302', 'ZY33234', 'Two-Door Car'),
('10303', 'TC78849', 'Two-Door Car'),
('10304', 'BG15419', 'Sports Car'),
('10305', 'PU41872', 'Four-Door Car'),
('10306', 'KQ65521', 'Sports Car'),
('10307', 'XO36233', 'SUV'),
('10308', 'AB31813', 'SUV'),
('10309', 'PU85769', 'Four-Door Car'),
('10310', 'YG44474', 'SUV'),
('10311', 'YX15941', 'Sports Car'),
('10312', 'PH77560', 'Four-Door Car'),
('10313', 'MU79385', 'SUV'),
('10314', 'TA75663', 'SUV'),
('10315', 'VO87785', 'Two-Door Car'),
('10316', 'MZ24175', 'Four-Door Car'),
('10317', 'PO90615', 'Four-Door Car'),
('10318', 'BM69818', 'Four-Door Car'),
('10319', 'QN15356', 'Four-Door Car'),
('10320', 'IA52178', 'SUV'),
('10321', 'PA48777', 'Four-Door Car'),
('10322', 'KZ22690', 'Four-Door Car'),
('10323', 'WH82416', 'Four-Door Car'),
('10324', 'IB41597', 'Four-Door Car'),
('10325', 'KG83280', 'Four-Door Car'),
('10326', 'MK73855', 'Four-Door Car'),
('10327', 'LS51818', 'Luxury Car'),
('8079', 'TM23514', 'SUV'),
('8980', 'WB38524', 'Two-Door Car'),
('8981', 'QZ42725', 'Four-Door Car'),
('8982', 'SG81493', 'Four-Door Car'),
('8983', 'QP80741', 'Four-Door Car'),
('8984', 'FN69743', 'Two-Door Car'),
('8985', 'BW52697', 'Two-Door Car'),
('8986', 'WP41146', 'Four-Door Car'),
('8987', 'HP55391', 'Four-Door Car'),
('8988', 'US45383', 'Two-Door Car'),
('8989', 'XC16387', 'Four-Door Car'),
('8990', 'VU53417', 'Two-Door Car'),
('8991', 'KR62797', 'SUV'),
('8992', 'SV34223', 'Four-Door Car'),
('8993', 'JO13576', 'Four-Door Car'),
('8994', 'AC75391', 'Two-Door Car'),
('8995', 'LP47259', 'Sports Car'),
('8996', 'VF21395', 'Two-Door Car'),
('8997', 'JG36165', 'Two-Door Car'),
('8998', 'TC84427', 'Four-Door Car'),
('8999', 'LI85491', 'SUV'),
('9000', 'VE55982', 'Two-Door Car'),
('9001', 'EF87528', 'Two-Door Car'),
('9002', 'EP18940', 'Four-Door Car'),
('9003', 'TH68362', 'Four-Door Car'),
('9004', 'DZ87709', 'Four-Door Car'),
('9005', 'CJ15590', 'Four-Door Car'),
('9006', 'YC43143', 'Four-Door Car'),
('9007', 'YM50253', 'Four-Door Car'),
('9008', 'RU49126', 'SUV'),
('9009', 'HI14283', 'SUV'),
('9010', 'WV17090', 'SUV'),
('9011', 'XV21647', 'Sports Car'),
('9012', 'QQ90441', 'Four-Door Car'),
('9013', 'YC80498', 'Two-Door Car'),
('9014', 'ZZ97035', 'Luxury Car'),
('9015', 'TA82973', 'SUV'),
('9016', 'BI38192', 'Two-Door Car'),
('9017', 'XT36360', 'Four-Door Car'),
('9018', 'JH73503', 'Two-Door Car'),
('9019', 'KJ86296', 'Four-Door Car'),
('9020', 'GR26937', 'Four-Door Car'),
('9021', 'QV19964', 'Four-Door Car'),
('9022', 'TI47802', 'Two-Door Car'),
('9023', 'TP41703', 'Two-Door Car'),
('9024', 'MY88518', 'Two-Door Car'),
('9025', 'YY11432', 'SUV'),
('9026', 'FS42690', 'Two-Door Car'),
('9027', 'SB99002', 'Four-Door Car'),
('9028', 'MQ15074', 'Four-Door Car'),
('9029', 'GO36627', 'Four-Door Car'),
('9030', 'GK73582', 'Four-Door Car'),
('9031', 'MF82000', 'Four-Door Car'),
('9032', 'XH85336', 'Four-Door Car'),
('9033', 'SV38190', 'Four-Door Car'),
('9034', 'MY97912', 'SUV'),
('9035', 'UI55951', 'Four-Door Car'),
('9036', 'JF57282', 'SUV'),
('9037', 'ZC24631', 'Four-Door Car'),
('9038', 'YR34689', 'Four-Door Car'),
('9039', 'EI71732', 'Four-Door Car'),
('9040', 'HT16519', 'Sports Car'),
('9041', 'RY92647', 'Four-Door Car'),
('9042', 'RY92254', 'Two-Door Car'),
('9043', 'NK91488', 'Four-Door Car'),
('9044', 'BW25236', 'Four-Door Car'),
('9045', 'CK40732', 'Four-Door Car'),
('9046', 'EP61084', 'Four-Door Car'),
('9047', 'GY74661', 'SUV'),
('9048', 'JW24035', 'Four-Door Car'),
('9049', 'SR30440', 'SUV'),
('9050', 'LT89398', 'Four-Door Car'),
('9051', 'KP65334', 'Four-Door Car'),
('9052', 'QD73891', 'Four-Door Car'),
('9053', 'QP56563', 'Four-Door Car'),
('9054', 'FL50705', 'Four-Door Car'),
('9055', 'CN24514', 'Four-Door Car'),
('9056', 'FO35655', 'Luxury SUV'),
('9057', 'NC53424', 'Two-Door Car'),
('9058', 'HR85211', 'Two-Door Car'),
('9059', 'TR67616', 'Four-Door Car'),
('9060', 'HB67642', 'Sports Car'),
('9061', 'XH97711', 'Four-Door Car'),
('9062', 'VM13430', 'SUV'),
('9063', 'OY51402', 'SUV'),
('9064', 'UK25655', 'Two-Door Car'),
('9065', 'VY79030', 'Four-Door Car'),
('9066', 'PN98247', 'Luxury SUV'),
('9067', 'QA85890', 'Four-Door Car'),
('9068', 'XC15133', 'Four-Door Car'),
('9069', 'FY62633', 'Four-Door Car'),
('9070', 'QE12539', 'SUV'),
('9071', 'AH65907', 'Four-Door Car'),
('9072', 'QA41472', 'SUV'),
('9073', 'VM85856', 'Four-Door Car'),
('9074', 'BD77090', 'SUV'),
('9075', 'HI41970', 'Two-Door Car'),
('9076', 'XK15687', 'SUV'),
('9077', 'JY87538', 'SUV'),
('9078', 'RU50098', 'Four-Door Car'),
('9079', 'SK55033', 'Two-Door Car'),
('9080', 'RB81636', 'Four-Door Car'),
('9081', 'VE89726', 'SUV'),
('9082', 'RZ13254', 'Four-Door Car'),
('9083', 'OY74069', 'Four-Door Car'),
('9084', 'GL67540', 'Four-Door Car'),
('9085', 'DF95759', 'SUV'),
('9086', 'WT43034', 'SUV'),
('9087', 'TC14209', 'SUV'),
('9088', 'NG27780', 'Four-Door Car'),
('9089', 'JJ76159', 'Four-Door Car'),
('9090', 'RM42344', 'Four-Door Car'),
('9091', 'RN78170', 'Four-Door Car'),
('9092', 'QC55306', 'Four-Door Car'),
('9093', 'AS55677', 'Four-Door Car'),
('9094', 'CH85057', 'Luxury SUV'),
('9095', 'SI31236', 'Four-Door Car'),
('9096', 'OV50124', 'Two-Door Car'),
('9097', 'MY31220', 'Two-Door Car'),
('9098', 'IA96447', 'Sports Car'),
('9099', 'BT76268', 'Four-Door Car'),
('9100', 'VG56765', 'Two-Door Car'),
('9101', 'UW37050', 'Luxury SUV'),
('9102', 'SJ74501', 'Two-Door Car'),
('9103', 'GE29173', 'SUV'),
('9104', 'GK71720', 'Four-Door Car'),
('9105', 'YJ88573', 'Four-Door Car'),
('9106', 'HT87217', 'Four-Door Car'),
('9107', 'WV76014', 'Four-Door Car'),
('9108', 'DA69469', 'Two-Door Car'),
('9109', 'UG34438', 'SUV'),
('9110', 'PM19162', 'Four-Door Car'),
('9111', 'XV95530', 'Two-Door Car'),
('9112', 'WR63188', 'Four-Door Car'),
('9113', 'RT65829', 'Four-Door Car'),
('9114', 'OH55411', 'SUV'),
('9115', 'ND41876', 'Luxury SUV'),
('9116', 'SP58110', 'Four-Door Car'),
('9117', 'CW49887', 'SUV'),
('9118', 'OU62604', 'Four-Door Car'),
('9119', 'FN50615', 'Four-Door Car'),
('9120', 'EN38348', 'Four-Door Car'),
('9121', 'RC95515', 'Four-Door Car'),
('9122', 'WV79842', 'Luxury SUV'),
('9123', 'CV48634', 'SUV'),
('9124', 'DE18949', 'Two-Door Car'),
('9125', 'GP67816', 'Two-Door Car'),
('9126', 'AN67558', 'SUV'),
('9127', 'EQ59908', 'Four-Door Car'),
('9128', 'SN23932', 'Four-Door Car'),
('9129', 'BW63560', 'Four-Door Car'),
('9130', 'WE95729', 'SUV'),
('9131', 'CZ33664', 'Four-Door Car'),
('9132', 'KR43119', 'Four-Door Car'),
('9133', 'RA88421', 'Four-Door Car'),
('9134', 'KU84464', 'Four-Door Car'),
('9135', 'IB67546', 'SUV'),
('9136', 'QW67581', 'Four-Door Car'),
('9137', 'IS50283', 'Four-Door Car'),
('9138', 'GN46207', 'SUV'),
('9139', 'VT78274', 'Four-Door Car'),
('9140', 'YI92916', 'Four-Door Car'),
('9141', 'ZQ59828', 'SUV'),
('9142', 'BA17836', 'Four-Door Car'),
('9143', 'SE28250', 'Four-Door Car'),
('9144', 'HP94242', 'Four-Door Car'),
('9145', 'WI69346', 'SUV'),
('9146', 'NT59303', 'Luxury Car'),
('9147', 'YD48962', 'SUV'),
('9148', 'YP40334', 'SUV'),
('9149', 'AA71604', 'Two-Door Car'),
('9150', 'PV55726', 'SUV'),
('9151', 'KC71643', 'Four-Door Car'),
('9152', 'WA97671', 'Four-Door Car'),
('9153', 'WX33904', 'Two-Door Car'),
('9154', 'CF85061', 'Four-Door Car'),
('9155', 'IL66569', 'Four-Door Car'),
('9156', 'QG25316', 'Two-Door Car'),
('9157', 'SH90947', 'Four-Door Car'),
('9158', 'AO98601', 'Two-Door Car'),
('9159', 'BN87372', 'Two-Door Car'),
('9160', 'BE10809', 'Four-Door Car'),
('9161', 'ZX64745', 'SUV'),
('9162', 'ZU18643', 'Four-Door Car'),
('9163', 'ID20929', 'Four-Door Car'),
('9164', 'RM41745', 'Four-Door Car'),
('9165', 'LC25393', 'Luxury Car'),
('9166', 'PW73754', 'Sports Car'),
('9167', 'QT25383', 'Two-Door Car'),
('9168', 'KI19439', 'Four-Door Car'),
('9169', 'OR40060', 'Four-Door Car'),
('9170', 'BZ65376', 'Luxury SUV'),
('9171', 'EC71986', 'Four-Door Car'),
('9172', 'DK32872', 'SUV'),
('9173', 'ET64028', 'Two-Door Car'),
('9174', 'OZ92426', 'Four-Door Car'),
('9175', 'BS13111', 'Four-Door Car'),
('9176', 'OD18225', 'Four-Door Car'),
('9177', 'HL63895', 'Four-Door Car'),
('9178', 'TJ48439', 'Two-Door Car'),
('9179', 'AU96286', 'Four-Door Car'),
('9180', 'MN94234', 'Two-Door Car'),
('9181', 'JA41698', 'SUV'),
('9182', 'EW33419', 'SUV'),
('9183', 'TO96662', 'Four-Door Car'),
('9184', 'NK71023', 'Four-Door Car'),
('9185', 'KP18988', 'Four-Door Car'),
('9186', 'SD64087', 'SUV'),
('9187', 'QC87108', 'Four-Door Car'),
('9188', 'PX70175', 'Four-Door Car'),
('9189', 'ZU73588', 'Sports Car'),
('9190', 'NE60110', 'Sports Car'),
('9191', 'KI75855', 'Two-Door Car'),
('9192', 'TM98684', 'Four-Door Car'),
('9193', 'YM43461', 'Four-Door Car'),
('9194', 'XF57481', 'Two-Door Car'),
('9195', 'QG15435', 'Four-Door Car'),
('9196', 'FB80807', 'Four-Door Car'),
('9197', 'VK48036', 'Four-Door Car'),
('9198', 'OK56965', 'Luxury SUV'),
('9199', 'TW64385', 'Four-Door Car'),
('9200', 'RK24470', 'Two-Door Car'),
('9201', 'ZS96174', 'Two-Door Car'),
('9202', 'HC20975', 'Four-Door Car'),
('9203', 'HC74532', 'Four-Door Car'),
('9204', 'KA61892', 'Sports Car'),
('9205', 'JF36291', 'Sports Car'),
('9206', 'NL93182', 'Four-Door Car'),
('9207', 'PX17116', 'SUV'),
('9208', 'DP46882', 'Four-Door Car'),
('9209', 'TR85083', 'Two-Door Car'),
('9210', 'RI53167', 'Four-Door Car'),
('9211', 'UK68427', 'Two-Door Car'),
('9212', 'EI85244', 'SUV'),
('9213', 'QW87316', 'Four-Door Car'),
('9214', 'VC87846', 'Four-Door Car'),
('9215', 'JB50798', 'Sports Car'),
('9216', 'YD74948', 'Four-Door Car'),
('9217', 'NV61299', 'Four-Door Car'),
('9218', 'IA62027', 'Four-Door Car'),
('9219', 'GF17866', 'Sports Car'),
('9220', 'EK91340', 'Luxury Car'),
('9221', 'FY40655', 'SUV'),
('9222', 'NM39588', 'Four-Door Car'),
('9223', 'YG10247', 'Four-Door Car'),
('9224', 'WH32183', 'Four-Door Car'),
('9225', 'BJ53923', 'Four-Door Car'),
('9226', 'VC68509', 'Four-Door Car'),
('9227', 'LT32391', 'Two-Door Car'),
('9228', 'CY47265', 'Four-Door Car'),
('9229', 'OX28638', 'Two-Door Car'),
('9230', 'UH65059', 'Sports Car'),
('9231', 'CC15295', 'Four-Door Car'),
('9232', 'TW43626', 'Four-Door Car'),
('9233', 'WO90953', 'Two-Door Car'),
('9234', 'NW54906', 'SUV'),
('9235', 'AO74776', 'SUV'),
('9236', 'HB85743', 'SUV'),
('9237', 'FK75497', 'Two-Door Car'),
('9238', 'LB25094', 'Four-Door Car'),
('9239', 'JC29295', 'SUV'),
('9240', 'XD19546', 'SUV'),
('9241', 'TV82603', 'Luxury SUV'),
('9242', 'EF52978', 'Four-Door Car'),
('9243', 'YV67971', 'Four-Door Car'),
('9244', 'ZQ11381', 'Four-Door Car'),
('9245', 'KN21017', 'Four-Door Car'),
('9246', 'LC44944', 'Four-Door Car'),
('9247', 'PI47776', 'Four-Door Car'),
('9248', 'VJ51327', 'SUV'),
('9249', 'QM38267', 'Four-Door Car'),
('9250', 'YH43996', 'Four-Door Car'),
('9251', 'PX60116', 'Two-Door Car'),
('9252', 'GO14008', 'Four-Door Car'),
('9253', 'WC35554', 'Sports Car'),
('9254', 'RK96223', 'SUV'),
('9255', 'DE34457', 'SUV'),
('9256', 'IC43478', 'Two-Door Car'),
('9257', 'SV50502', 'Four-Door Car'),
('9258', 'UF88986', 'Two-Door Car'),
('9259', 'JK32620', 'Four-Door Car'),
('9260', 'NQ86532', 'Four-Door Car'),
('9261', 'SW79912', 'Two-Door Car'),
('9262', 'ZZ91716', 'Four-Door Car'),
('9263', 'GP18756', 'Four-Door Car'),
('9264', 'RV15398', 'Four-Door Car'),
('9265', 'QW33258', 'Luxury Car'),
('9266', 'QQ89253', 'SUV'),
('9267', 'SL50592', 'Four-Door Car'),
('9268', 'NU32697', 'Four-Door Car'),
('9269', 'NZ57065', 'Four-Door Car'),
('9270', 'OB77084', 'Two-Door Car'),
('9271', 'TJ30354', 'Four-Door Car'),
('9272', 'QT89604', 'Four-Door Car'),
('9273', 'SB79528', 'Two-Door Car'),
('9274', 'PQ13422', 'Four-Door Car'),
('9275', 'UD27196', 'Luxury Car'),
('9276', 'CD76093', 'Luxury Car'),
('9277', 'OY44814', 'Two-Door Car'),
('9278', 'ZK61113', 'Two-Door Car'),
('9279', 'VC34764', 'Four-Door Car'),
('9280', 'OS39723', 'Two-Door Car'),
('9281', 'MS59005', 'Four-Door Car'),
('9282', 'OL97871', 'Four-Door Car'),
('9283', 'AP23850', 'Two-Door Car'),
('9284', 'NC58480', 'Four-Door Car'),
('9285', 'TE13577', 'Four-Door Car'),
('9286', 'OB69153', 'Four-Door Car'),
('9287', 'QJ40732', 'Four-Door Car'),
('9288', 'AM97901', 'Sports Car'),
('9289', 'TX28465', 'Four-Door Car'),
('9290', 'ZR20842', 'Sports Car'),
('9291', 'BW46202', 'Two-Door Car'),
('9292', 'XO42145', 'SUV'),
('9293', 'EG56026', 'Two-Door Car'),
('9294', 'DF94525', 'Four-Door Car'),
('9295', 'HQ82089', 'Four-Door Car'),
('9296', 'WJ44028', 'Two-Door Car'),
('9297', 'RP30093', 'SUV'),
('9298', 'PY10605', 'Two-Door Car'),
('9299', 'OB88698', 'Two-Door Car'),
('9300', 'QB58745', 'Two-Door Car'),
('9301', 'CI24326', 'Four-Door Car'),
('9302', 'SG20925', 'Four-Door Car'),
('9303', 'MQ32284', 'SUV'),
('9304', 'FG16766', 'SUV'),
('9305', 'ZH17561', 'SUV'),
('9306', 'DP84567', 'Luxury SUV'),
('9307', 'VH31965', 'Four-Door Car'),
('9308', 'EY50028', 'Two-Door Car'),
('9309', 'RA93608', 'Two-Door Car'),
('9310', 'UQ87917', 'SUV'),
('9311', 'IU47468', 'Two-Door Car'),
('9312', 'KI56154', 'Sports Car'),
('9313', 'RA68844', 'SUV'),
('9314', 'DG80424', 'Four-Door Car'),
('9315', 'DL36983', 'Two-Door Car'),
('9316', 'QD38160', 'SUV'),
('9317', 'DK94262', 'SUV'),
('9318', 'QN10888', 'Four-Door Car'),
('9319', 'ZJ73220', 'Luxury Car'),
('9320', 'WT22392', 'Four-Door Car'),
('9321', 'FZ20933', 'Four-Door Car'),
('9322', 'BQ12347', 'Four-Door Car'),
('9323', 'PD32641', 'Four-Door Car'),
('9324', 'TA66375', 'Luxury Car'),
('9325', 'XV83643', 'Sports Car'),
('9326', 'NR18672', 'Two-Door Car'),
('9327', 'SX50964', 'Two-Door Car'),
('9328', 'EO40136', 'Four-Door Car'),
('9329', 'EU27538', 'Luxury Car'),
('9330', 'HD32044', 'Four-Door Car'),
('9331', 'LA13377', 'Four-Door Car'),
('9332', 'KF75098', 'Four-Door Car'),
('9333', 'NW30838', 'Four-Door Car'),
('9334', 'HX78576', 'Four-Door Car'),
('9335', 'GB45753', 'Two-Door Car'),
('9336', 'QK46697', 'Two-Door Car'),
('9337', 'PZ89632', 'SUV'),
('9338', 'KI18648', 'Two-Door Car'),
('9339', 'ZZ44902', 'Two-Door Car'),
('9340', 'MP47256', 'Four-Door Car'),
('9341', 'XZ17273', 'Four-Door Car'),
('9342', 'GH31557', 'Two-Door Car'),
('9343', 'EJ90880', 'Four-Door Car'),
('9344', 'TE61015', 'Four-Door Car'),
('9345', 'LG19551', 'Four-Door Car'),
('9346', 'ZX35838', 'Four-Door Car'),
('9347', 'JA93297', 'Four-Door Car'),
('9348', 'YL72747', 'Four-Door Car'),
('9349', 'JV68002', 'Four-Door Car'),
('9350', 'YP47665', 'Four-Door Car'),
('9351', 'XV22744', 'Four-Door Car'),
('9352', 'GU82475', 'Four-Door Car'),
('9353', 'TX39594', 'Two-Door Car'),
('9354', 'ZU35962', 'Two-Door Car'),
('9355', 'MS41162', 'SUV'),
('9356', 'UI64281', 'Two-Door Car'),
('9357', 'FL82372', 'SUV'),
('9358', 'WE68644', 'Sports Car'),
('9359', 'CF57022', 'SUV'),
('9360', 'FV21968', 'Four-Door Car'),
('9361', 'PU42145', 'Four-Door Car'),
('9362', 'LK60013', 'Four-Door Car'),
('9363', 'QL59704', 'Four-Door Car'),
('9364', 'VY19543', 'Four-Door Car'),
('9365', 'JJ97525', 'Two-Door Car'),
('9366', 'TD10493', 'Four-Door Car'),
('9367', 'ON73702', 'SUV'),
('9368', 'TC88986', 'SUV'),
('9369', 'MB90871', 'Four-Door Car'),
('9370', 'VV77534', 'SUV'),
('9371', 'KN25556', 'Four-Door Car'),
('9372', 'NE24371', 'Four-Door Car'),
('9373', 'BM21532', 'Four-Door Car'),
('9374', 'CK39096', 'SUV'),
('9375', 'CM94425', 'SUV'),
('9376', 'FI61723', 'Four-Door Car'),
('9377', 'FO99259', 'Four-Door Car'),
('9378', 'FL69363', 'Sports Car'),
('9379', 'OD76309', 'SUV'),
('9380', 'RH42306', 'Four-Door Car'),
('9381', 'JL19416', 'SUV'),
('9382', 'XD66024', 'Four-Door Car'),
('9383', 'RD62882', 'Two-Door Car'),
('9384', 'JH91579', 'Two-Door Car'),
('9385', 'QZ81258', 'Four-Door Car'),
('9386', 'QM74621', 'Four-Door Car'),
('9387', 'JP58047', 'Four-Door Car'),
('9388', 'KL43114', 'Two-Door Car'),
('9389', 'NN71951', 'SUV'),
('9390', 'DT85712', 'SUV'),
('9391', 'EP80820', 'Two-Door Car'),
('9392', 'IS12901', 'Two-Door Car'),
('9393', 'EO95328', 'Two-Door Car'),
('9394', 'SH74080', 'SUV'),
('9395', 'SF57173', 'SUV'),
('9396', 'UM45563', 'SUV'),
('9397', 'YJ99764', 'Four-Door Car'),
('9398', 'JS42382', 'Four-Door Car'),
('9399', 'HK26543', 'Four-Door Car'),
('9400', 'VC77127', 'Four-Door Car'),
('9401', 'VE31507', 'Four-Door Car'),
('9402', 'FR55658', 'Four-Door Car'),
('9403', 'CS93971', 'SUV'),
('9404', 'HG39060', 'Four-Door Car'),
('9405', 'NY56352', 'Four-Door Car'),
('9406', 'BM69081', 'SUV'),
('9407', 'WR62597', 'Four-Door Car'),
('9408', 'IL19217', 'Four-Door Car'),
('9409', 'FF61670', 'Four-Door Car'),
('9410', 'BF72793', 'Two-Door Car'),
('9411', 'DY22043', 'Two-Door Car'),
('9412', 'BG85305', 'Four-Door Car'),
('9413', 'OD69005', 'Four-Door Car'),
('9414', 'XW89091', 'Four-Door Car'),
('9415', 'HX44948', 'Four-Door Car'),
('9416', 'UM76485', 'SUV'),
('9417', 'RE46783', 'Two-Door Car'),
('9418', 'PA16884', 'Two-Door Car'),
('9419', 'PK28821', 'Four-Door Car'),
('9420', 'AB60627', 'SUV'),
('9421', 'TR81766', 'Two-Door Car'),
('9422', 'GX19342', 'Four-Door Car'),
('9423', 'WH52799', 'Two-Door Car'),
('9424', 'NK73719', 'SUV'),
('9425', 'SA91515', 'SUV'),
('9426', 'FF68864', 'Four-Door Car'),
('9427', 'VT96364', 'Four-Door Car'),
('9428', 'NU42684', 'Four-Door Car'),
('9429', 'JP69864', 'Four-Door Car'),
('9430', 'II62831', 'SUV'),
('9431', 'RF61565', 'Four-Door Car'),
('9432', 'UA94723', 'SUV'),
('9433', 'PB54378', 'Four-Door Car'),
('9434', 'QE22757', 'Four-Door Car'),
('9435', 'ON77649', 'Four-Door Car'),
('9436', 'TU92578', 'SUV'),
('9437', 'GT62080', 'Four-Door Car'),
('9438', 'ED50963', 'Four-Door Car'),
('9439', 'PT64580', 'SUV'),
('9440', 'YG85980', 'Two-Door Car'),
('9441', 'WA15684', 'SUV'),
('9442', 'PR31642', 'SUV'),
('9443', 'NT43594', 'Four-Door Car'),
('9444', 'EL99335', 'Four-Door Car'),
('9445', 'JF83834', 'Four-Door Car'),
('9446', 'QG51953', 'Four-Door Car'),
('9447', 'TJ76363', 'SUV'),
('9448', 'RF44930', 'Four-Door Car'),
('9449', 'ZY20779', 'Two-Door Car'),
('9450', 'WH81461', 'SUV'),
('9451', 'WO95180', 'Four-Door Car'),
('9452', 'EE76374', 'Four-Door Car'),
('9453', 'HW42900', 'Four-Door Car'),
('9454', 'UF46533', 'SUV'),
('9455', 'JN26745', 'Four-Door Car'),
('9456', 'DE55857', 'Four-Door Car'),
('9457', 'CF15558', 'Two-Door Car'),
('9458', 'UK70255', 'Sports Car'),
('9459', 'FI92440', 'Two-Door Car'),
('9460', 'FF22360', 'Four-Door Car'),
('9461', 'WZ40465', 'Four-Door Car'),
('9462', 'KJ31611', 'Four-Door Car'),
('9463', 'OB55054', 'Four-Door Car'),
('9464', 'YB58778', 'Two-Door Car'),
('9465', 'HO92982', 'Two-Door Car'),
('9466', 'SF32458', 'Four-Door Car'),
('9467', 'MC20349', 'Four-Door Car'),
('9468', 'PZ47477', 'Two-Door Car'),
('9469', 'II83628', 'Four-Door Car'),
('9470', 'KB99097', 'Two-Door Car'),
('9471', 'CS55808', 'Four-Door Car'),
('9472', 'BK21146', 'SUV'),
('9473', 'HY76810', 'SUV'),
('9474', 'XB17553', 'Sports Car'),
('9475', 'DQ45854', 'Four-Door Car'),
('9476', 'WK99918', 'SUV'),
('9477', 'YJ59924', 'Four-Door Car'),
('9478', 'IE40701', 'Four-Door Car'),
('9479', 'SM52139', 'Four-Door Car'),
('9480', 'QA87025', 'Four-Door Car'),
('9481', 'CV29889', 'Four-Door Car'),
('9482', 'GD83998', 'Four-Door Car'),
('9483', 'BG76355', 'Four-Door Car'),
('9484', 'UN37063', 'Two-Door Car'),
('9485', 'MB69535', 'SUV'),
('9486', 'AY84441', 'SUV'),
('9487', 'DB71122', 'Four-Door Car'),
('9488', 'MN61620', 'Sports Car'),
('9489', 'EK19337', 'Four-Door Car'),
('9490', 'AI61368', 'Four-Door Car'),
('9491', 'KC17170', 'Four-Door Car'),
('9492', 'BH23017', 'Two-Door Car'),
('9493', 'JR10216', 'Four-Door Car'),
('9494', 'RW65101', 'Four-Door Car'),
('9495', 'SZ70655', 'Two-Door Car'),
('9496', 'LZ34046', 'Four-Door Car'),
('9497', 'CX12134', 'Two-Door Car'),
('9498', 'EL93539', 'Four-Door Car'),
('9499', 'HQ23708', 'Two-Door Car'),
('9500', 'MY37953', 'Sports Car'),
('9501', 'ZW71731', 'SUV'),
('9502', 'XG44587', 'Four-Door Car'),
('9503', 'IX35050', 'Four-Door Car'),
('9504', 'XM45289', 'Two-Door Car'),
('9505', 'CD86811', 'Four-Door Car'),
('9506', 'TQ13499', 'Four-Door Car'),
('9507', 'TS11219', 'SUV'),
('9508', 'KY33386', 'Sports Car'),
('9509', 'CO44221', 'Four-Door Car'),
('9510', 'UA84837', 'Four-Door Car'),
('9511', 'VQ38776', 'Four-Door Car'),
('9512', 'QG45324', 'Four-Door Car'),
('9513', 'YH61661', 'SUV'),
('9514', 'TN79487', 'Four-Door Car'),
('9515', 'EU68825', 'Sports Car'),
('9516', 'LN26837', 'Four-Door Car'),
('9517', 'SS59521', 'Two-Door Car'),
('9518', 'CP98451', 'SUV'),
('9519', 'NX52648', 'Two-Door Car'),
('9520', 'GI82355', 'Four-Door Car'),
('9521', 'VO26340', 'Two-Door Car'),
('9522', 'BB11622', 'SUV'),
('9523', 'EA27048', 'SUV'),
('9524', 'OQ90898', 'SUV'),
('9525', 'BB82067', 'Sports Car'),
('9526', 'IX55883', 'Four-Door Car'),
('9527', 'OB49075', 'Four-Door Car'),
('9528', 'GE62437', 'Four-Door Car'),
('9529', 'CR48975', 'Four-Door Car'),
('9530', 'DE21533', 'Four-Door Car'),
('9531', 'IA63417', 'Two-Door Car'),
('9532', 'GU66096', 'Four-Door Car'),
('9533', 'NB79936', 'Two-Door Car'),
('9534', 'YR34119', 'SUV'),
('9535', 'YM18992', 'Two-Door Car'),
('9536', 'JA34909', 'Four-Door Car'),
('9537', 'LL45497', 'Two-Door Car'),
('9538', 'CU26127', 'SUV'),
('9539', 'JQ56711', 'Two-Door Car'),
('9540', 'QV59143', 'Four-Door Car'),
('9541', 'EJ19449', 'Four-Door Car'),
('9542', 'GO77248', 'Four-Door Car'),
('9543', 'OU79745', 'Four-Door Car'),
('9544', 'MB51200', 'Four-Door Car'),
('9545', 'TV25678', 'SUV'),
('9546', 'JH62891', 'Four-Door Car'),
('9547', 'CU36986', 'Four-Door Car'),
('9548', 'OT52034', 'Four-Door Car'),
('9549', 'WL99637', 'Two-Door Car'),
('9550', 'PP80817', 'Sports Car'),
('9551', 'GW14109', 'SUV'),
('9552', 'WT71621', 'Four-Door Car'),
('9553', 'SK67821', 'Four-Door Car'),
('9554', 'AP67935', 'Four-Door Car'),
('9555', 'FY56083', 'Four-Door Car'),
('9556', 'FW91032', 'Four-Door Car'),
('9557', 'CV24005', 'Two-Door Car'),
('9558', 'BT30554', 'Four-Door Car'),
('9559', 'BS83666', 'Four-Door Car'),
('9560', 'RZ27571', 'Four-Door Car'),
('9561', 'WW30771', 'Four-Door Car'),
('9562', 'YB33445', 'SUV'),
('9563', 'WK88044', 'SUV'),
('9564', 'KH24214', 'Four-Door Car'),
('9565', 'JT11876', 'Four-Door Car'),
('9566', 'GT38956', 'Four-Door Car'),
('9567', 'DW29763', 'Two-Door Car'),
('9568', 'VX39856', 'Four-Door Car'),
('9569', 'BV79904', 'Two-Door Car'),
('9570', 'XD85577', 'Four-Door Car'),
('9571', 'UH35128', 'Luxury Car'),
('9572', 'VL84149', 'Luxury Car'),
('9573', 'WS57286', 'Four-Door Car'),
('9574', 'VH45094', 'Four-Door Car'),
('9575', 'QF59448', 'Four-Door Car'),
('9576', 'TK40018', 'SUV'),
('9577', 'XY52165', 'Two-Door Car'),
('9578', 'GU99037', 'Four-Door Car'),
('9579', 'IX37561', 'Two-Door Car'),
('9580', 'CD88896', 'Four-Door Car'),
('9581', 'UW32074', 'Four-Door Car'),
('9582', 'UF33451', 'SUV'),
('9583', 'UK52289', 'Four-Door Car'),
('9584', 'HU35721', 'Four-Door Car'),
('9585', 'GE47180', 'Sports Car'),
('9586', 'ZH19885', 'Four-Door Car'),
('9587', 'CK19789', 'Four-Door Car'),
('9588', 'GE82737', 'Four-Door Car'),
('9589', 'KN34250', 'SUV'),
('9590', 'EZ50606', 'SUV'),
('9591', 'NL41409', 'Two-Door Car'),
('9592', 'GP40701', 'Four-Door Car'),
('9593', 'HN95240', 'Four-Door Car'),
('9594', 'NG82219', 'Four-Door Car'),
('9595', 'JY16280', 'Four-Door Car'),
('9596', 'WY97929', 'Four-Door Car'),
('9597', 'HG33568', 'Four-Door Car'),
('9598', 'NL59519', 'Four-Door Car'),
('9599', 'SB18278', 'Four-Door Car'),
('9600', 'FZ55002', 'Four-Door Car'),
('9601', 'PT32230', 'Luxury SUV'),
('9602', 'ZF27999', 'Sports Car'),
('9603', 'XW13033', 'Four-Door Car'),
('9604', 'KH48895', 'SUV'),
('9605', 'JI70886', 'SUV'),
('9606', 'XW90265', 'Two-Door Car'),
('9607', 'LQ13873', 'Four-Door Car'),
('9608', 'EZ30498', 'SUV'),
('9609', 'KL57176', 'SUV'),
('9610', 'TI92884', 'Sports Car'),
('9611', 'PX44289', 'Four-Door Car'),
('9612', 'DF66914', 'SUV'),
('9613', 'UO86707', 'Four-Door Car'),
('9614', 'LE26899', 'Four-Door Car'),
('9615', 'TA58285', 'Two-Door Car'),
('9616', 'VJ44100', 'Sports Car'),
('9617', 'TY74870', 'Four-Door Car'),
('9618', 'UM69933', 'Two-Door Car'),
('9619', 'KD63998', 'Four-Door Car'),
('9620', 'OF47250', 'SUV'),
('9621', 'YU35386', 'Four-Door Car'),
('9622', 'SC95565', 'Two-Door Car'),
('9623', 'GD59796', 'Four-Door Car'),
('9624', 'XA32915', 'Two-Door Car'),
('9625', 'TP87527', 'Four-Door Car'),
('9626', 'GQ46925', 'Sports Car'),
('9627', 'EY89842', 'SUV'),
('9628', 'EV68375', 'Four-Door Car'),
('9629', 'EM43724', 'Four-Door Car'),
('9630', 'YV64727', 'SUV'),
('9631', 'ZW25874', 'Four-Door Car'),
('9632', 'AO87348', 'Four-Door Car'),
('9633', 'OA57352', 'Four-Door Car'),
('9634', 'SK97780', 'Two-Door Car'),
('9635', 'ZN47335', 'SUV'),
('9636', 'XP64922', 'Four-Door Car'),
('9637', 'GI68556', 'Two-Door Car'),
('9638', 'BZ12077', 'SUV'),
('9639', 'JP94676', 'SUV'),
('9640', 'IW54795', 'Four-Door Car'),
('9641', 'PS30217', 'Four-Door Car'),
('9642', 'BC66921', 'Four-Door Car'),
('9643', 'GC17585', 'Four-Door Car'),
('9644', 'LP82042', 'Four-Door Car'),
('9645', 'DT35588', 'Four-Door Car'),
('9646', 'OY94707', 'Four-Door Car'),
('9647', 'CM52565', 'Four-Door Car'),
('9648', 'CA56041', 'SUV'),
('9649', 'UV80201', 'Sports Car'),
('9650', 'ES16126', 'Four-Door Car'),
('9651', 'CJ97736', 'Four-Door Car'),
('9652', 'No36572', 'Four-Door Car'),
('9653', 'WA25797', 'Sports Car'),
('9654', 'XP47431', 'SUV'),
('9655', 'AZ62651', 'Luxury SUV'),
('9656', 'ZG48513', 'Four-Door Car'),
('9657', 'XN11823', 'Two-Door Car'),
('9658', 'UA51318', 'Four-Door Car'),
('9659', 'FS55302', 'Four-Door Car'),
('9660', 'EV19512', 'Two-Door Car'),
('9661', 'HN57556', 'Four-Door Car'),
('9662', 'YX89016', 'Luxury Car'),
('9663', 'UJ79253', 'Four-Door Car'),
('9664', 'PN21042', 'Sports Car'),
('9665', 'UN97379', 'Four-Door Car'),
('9666', 'LY97989', 'Four-Door Car'),
('9667', 'ZM86949', 'Two-Door Car'),
('9668', 'BH11344', 'Two-Door Car'),
('9669', 'YO15246', 'Four-Door Car'),
('9670', 'NF53775', 'Four-Door Car'),
('9671', 'UQ63396', 'Four-Door Car'),
('9672', 'XO22038', 'Two-Door Car'),
('9673', 'SD62061', 'Four-Door Car'),
('9674', 'QB47024', 'Four-Door Car'),
('9675', 'OP26403', 'Four-Door Car'),
('9676', 'ZF28570', 'Four-Door Car'),
('9677', 'BK73302', 'Four-Door Car'),
('9678', 'IU25463', 'Four-Door Car'),
('9679', 'PD33979', 'Four-Door Car'),
('9680', 'GY55092', 'SUV'),
('9681', 'AH84063', 'SUV'),
('9682', 'DJ91267', 'Luxury SUV'),
('9683', 'RX24650', 'SUV'),
('9684', 'FY13480', 'Four-Door Car'),
('9685', 'QK31192', 'Two-Door Car'),
('9686', 'UV12583', 'SUV'),
('9687', 'BG84194', 'SUV'),
('9688', 'EB59129', 'Four-Door Car'),
('9689', 'MB83663', 'Two-Door Car'),
('9690', 'TY26512', 'Four-Door Car'),
('9691', 'PU41393', 'SUV'),
('9692', 'QO86948', 'SUV'),
('9693', 'VC83809', 'Four-Door Car'),
('9694', 'KI55845', 'SUV'),
('9695', 'DO41287', 'Four-Door Car'),
('9696', 'LG64797', 'Luxury SUV'),
('9697', 'HF96939', 'Four-Door Car'),
('9698', 'XQ19793', 'SUV'),
('9699', 'MA47641', 'SUV'),
('9700', 'TX98128', 'Four-Door Car'),
('9701', 'FI45719', 'Four-Door Car'),
('9702', 'JN72184', 'Four-Door Car'),
('9703', 'AI49188', 'Two-Door Car'),
('9704', 'ZK25313', 'Two-Door Car'),
('9705', 'OI48267', 'Four-Door Car'),
('9706', 'MW70227', 'Four-Door Car'),
('9707', 'IL28481', 'Four-Door Car'),
('9708', 'PX90263', 'Four-Door Car'),
('9709', 'ES39217', 'Four-Door Car'),
('9710', 'XK61304', 'Four-Door Car'),
('9711', 'EG62398', 'SUV'),
('9712', 'AM92343', 'Four-Door Car'),
('9713', 'MK34957', 'SUV'),
('9714', 'ZX86243', 'Four-Door Car'),
('9715', 'XN41715', 'Four-Door Car'),
('9716', 'ST96866', 'SUV'),
('9717', 'FI20423', 'Four-Door Car'),
('9718', 'DW96592', 'Four-Door Car'),
('9719', 'TC44716', 'SUV'),
('9720', 'DS45802', 'Four-Door Car'),
('9721', 'PO98961', 'Two-Door Car'),
('9722', 'HJ79774', 'Four-Door Car'),
('9723', 'WJ74851', 'Two-Door Car'),
('9724', 'OA89218', 'Sports Car'),
('9725', 'OF24813', 'SUV'),
('9726', 'KN87338', 'Four-Door Car'),
('9727', 'HS28694', 'Two-Door Car'),
('9728', 'EW38459', 'Four-Door Car'),
('9729', 'UV54502', 'Four-Door Car'),
('9730', 'JK55587', 'Four-Door Car'),
('9731', 'MZ82036', 'Four-Door Car'),
('9732', 'XW96958', 'Four-Door Car'),
('9733', 'IJ50779', 'SUV'),
('9734', 'YC11951', 'Four-Door Car'),
('9735', 'YG20683', 'Four-Door Car'),
('9736', 'OX36896', 'Four-Door Car'),
('9737', 'TP51897', 'Four-Door Car'),
('9738', 'OY95739', 'SUV'),
('9739', 'XW98867', 'SUV'),
('9740', 'LE43061', 'Four-Door Car'),
('9741', 'UP29839', 'Luxury SUV'),
('9742', 'GF94951', 'Two-Door Car'),
('9743', 'JE71423', 'Four-Door Car'),
('9744', 'LE65901', 'SUV'),
('9745', 'GD55093', 'Luxury SUV'),
('9746', 'NN68193', 'SUV'),
('9747', 'ZR77995', 'Four-Door Car'),
('9748', 'XE66367', 'Four-Door Car'),
('9749', 'YX90754', 'Two-Door Car'),
('9750', 'WB58031', 'Four-Door Car'),
('9751', 'LM34525', 'Four-Door Car'),
('9752', 'RB28630', 'Four-Door Car'),
('9753', 'YL74911', 'SUV'),
('9754', 'RI78966', 'Four-Door Car'),
('9755', 'VC22097', 'SUV'),
('9756', 'SC66359', 'SUV'),
('9757', 'UK41984', 'SUV'),
('9758', 'CV31235', 'Four-Door Car'),
('9759', 'CT83377', 'Four-Door Car'),
('9760', 'WS82822', 'Four-Door Car'),
('9761', 'LN34660', 'SUV'),
('9762', 'GC15104', 'Four-Door Car'),
('9763', 'ON39271', 'Two-Door Car'),
('9764', 'MT23134', 'Two-Door Car'),
('9765', 'VM92311', 'Four-Door Car'),
('9766', 'CZ96653', 'SUV'),
('9767', 'KP72427', 'SUV'),
('9768', 'SW57539', 'SUV'),
('9769', 'KF50730', 'SUV'),
('9770', 'KD47243', 'SUV'),
('9771', 'SX65826', 'Two-Door Car'),
('9772', 'ZB62469', 'Two-Door Car'),
('9773', 'GT65065', 'Sports Car'),
('9774', 'VH43367', 'Four-Door Car'),
('9775', 'CP32818', 'Sports Car'),
('9776', 'BP83941', 'SUV'),
('9777', 'SH51981', 'Four-Door Car'),
('9778', 'HL53154', 'Four-Door Car'),
('9779', 'JI71369', 'Four-Door Car'),
('9780', 'UC33108', 'Four-Door Car'),
('9781', 'EN61670', 'Four-Door Car'),
('9782', 'SW31412', 'Four-Door Car'),
('9783', 'JY27336', 'SUV'),
('9784', 'XR70252', 'Two-Door Car'),
('9785', 'PR53785', 'Luxury Car'),
('9786', 'OB96537', 'Four-Door Car'),
('9787', 'ME77513', 'Four-Door Car'),
('9788', 'CA86085', 'Four-Door Car'),
('9789', 'AW18068', 'Two-Door Car'),
('9790', 'GH42026', 'SUV'),
('9791', 'ZC32510', 'Four-Door Car'),
('9792', 'EP72155', 'Four-Door Car'),
('9793', 'LA80525', 'Two-Door Car'),
('9794', 'CH97539', 'Four-Door Car'),
('9795', 'VZ79886', 'SUV'),
('9796', 'EI91403', 'Two-Door Car'),
('9797', 'MD73554', 'Two-Door Car'),
('9798', 'GG68407', 'Four-Door Car'),
('9799', 'FU99476', 'Four-Door Car'),
('9800', 'FX55923', 'Four-Door Car'),
('9801', 'TH84309', 'SUV'),
('9802', 'PB43222', 'Four-Door Car'),
('9803', 'PD55753', 'Four-Door Car'),
('9804', 'NV55438', 'Two-Door Car'),
('9805', 'ZM92052', 'Two-Door Car'),
('9806', 'NN99001', 'Four-Door Car'),
('9807', 'XJ96748', 'Four-Door Car'),
('9808', 'UC88305', 'Two-Door Car'),
('9809', 'AS97690', 'Two-Door Car'),
('9810', 'ZN34245', 'Four-Door Car'),
('9811', 'UT73461', 'SUV'),
('9812', 'EJ43595', 'Four-Door Car'),
('9813', 'WV69362', 'Two-Door Car'),
('9814', 'NH19236', 'Four-Door Car'),
('9815', 'MY43761', 'SUV'),
('9816', 'VM85555', 'Four-Door Car'),
('9817', 'BV86143', 'Four-Door Car'),
('9818', 'OM80593', 'SUV'),
('9819', 'KH48996', 'Sports Car'),
('9820', 'TO34442', 'Four-Door Car'),
('9821', 'SW96063', 'SUV'),
('9822', 'RJ99408', 'Four-Door Car'),
('9823', 'NP60037', 'Luxury SUV'),
('9824', 'XM39121', 'Four-Door Car'),
('9825', 'HU82227', 'Four-Door Car'),
('9826', 'PY51000', 'Four-Door Car'),
('9827', 'ZH93283', 'Four-Door Car'),
('9828', 'FH85960', 'Four-Door Car'),
('9829', 'QH48047', 'Four-Door Car'),
('9830', 'LW93867', 'Four-Door Car'),
('9831', 'RR77985', 'Four-Door Car'),
('9832', 'QA17596', 'Two-Door Car'),
('9833', 'DI30528', 'Four-Door Car'),
('9834', 'DB42794', 'Four-Door Car'),
('9835', 'ZY90118', 'Four-Door Car'),
('9836', 'KY14688', 'Four-Door Car'),
('9837', 'CR92802', 'Four-Door Car'),
('9838', 'RB34917', 'Four-Door Car'),
('9839', 'FF28650', 'SUV'),
('9840', 'NS45347', 'Four-Door Car'),
('9841', 'NX18774', 'SUV'),
('9842', 'NI44621', 'SUV'),
('9843', 'EJ44139', 'Two-Door Car'),
('9844', 'XR64251', 'Four-Door Car'),
('9845', 'FT56968', 'Four-Door Car'),
('9846', 'CC91503', 'Sports Car'),
('9847', 'QO65264', 'Two-Door Car'),
('9848', 'NF35573', 'SUV'),
('9849', 'ZY99878', 'SUV'),
('9850', 'HS85465', 'Two-Door Car'),
('9851', 'SI78985', 'Four-Door Car'),
('9852', 'WB12017', 'Two-Door Car'),
('9853', 'HP36979', 'Two-Door Car'),
('9854', 'CR57148', 'Two-Door Car'),
('9855', 'QP84605', 'Four-Door Car'),
('9856', 'EM29359', 'Luxury Car'),
('9857', 'RM24280', 'Four-Door Car'),
('9858', 'HD95496', 'Two-Door Car'),
('9859', 'JY45873', 'SUV'),
('9860', 'RP19541', 'Four-Door Car'),
('9861', 'DN29808', 'Four-Door Car'),
('9862', 'LN50325', 'Sports Car'),
('9863', 'HD95276', 'SUV'),
('9864', 'CM95716', 'Four-Door Car'),
('9865', 'UQ30615', 'Four-Door Car'),
('9866', 'YB49933', 'Four-Door Car'),
('9867', 'HM76207', 'SUV'),
('9868', 'DS97676', 'Four-Door Car'),
('9869', 'RG30482', 'SUV'),
('9870', 'FR56877', 'Four-Door Car'),
('9871', 'VW82067', 'Four-Door Car'),
('9872', 'AC22873', 'SUV'),
('9873', 'XP16538', 'SUV'),
('9874', 'KC32511', 'Four-Door Car'),
('9875', 'BY88757', 'SUV'),
('9876', 'EW82164', 'SUV'),
('9877', 'DZ45471', 'Four-Door Car'),
('9878', 'BD35676', 'SUV'),
('9879', 'GR62267', 'Two-Door Car'),
('9880', 'GL20444', 'Two-Door Car'),
('9881', 'SU56153', 'Two-Door Car'),
('9882', 'YQ15567', 'SUV'),
('9883', 'QR15221', 'Two-Door Car'),
('9884', 'UX92071', 'Luxury SUV'),
('9885', 'LV62981', 'Two-Door Car'),
('9886', 'ZV93969', 'SUV'),
('9887', 'YJ43481', 'SUV'),
('9888', 'IC41932', 'SUV'),
('9889', 'RZ24101', 'SUV'),
('9890', 'KH44031', 'Four-Door Car'),
('9891', 'VL80291', 'Two-Door Car'),
('9892', 'BN74268', 'Four-Door Car'),
('9893', 'OC80343', 'SUV'),
('9894', 'WD48852', 'Luxury SUV'),
('9895', 'JG87029', 'Two-Door Car'),
('9896', 'OW85480', 'Four-Door Car'),
('9897', 'CP30637', 'Sports Car'),
('9898', 'WJ52097', 'Four-Door Car'),
('9899', 'AM52614', 'Sports Car'),
('9900', 'MC53402', 'Two-Door Car'),
('9901', 'FZ24763', 'Four-Door Car'),
('9902', 'QN44699', 'Two-Door Car'),
('9903', 'XX84133', 'Four-Door Car'),
('9904', 'HO29524', 'Two-Door Car'),
('9905', 'RO26085', 'Sports Car'),
('9906', 'RN97635', 'Four-Door Car'),
('9907', 'CP85232', 'SUV'),
('9908', 'OT47603', 'Sports Car'),
('9909', 'OS46571', 'Four-Door Car'),
('9910', 'PU18983', 'Sports Car'),
('9911', 'UK76891', 'Four-Door Car'),
('9912', 'MR67738', 'Four-Door Car'),
('9913', 'OL72737', 'Two-Door Car'),
('9914', 'BM15160', 'Four-Door Car'),
('9915', 'FA46418', 'Four-Door Car'),
('9916', 'AL46984', 'Four-Door Car'),
('9917', 'SZ16483', 'Four-Door Car'),
('9918', 'WF73839', 'Two-Door Car'),
('9919', 'JX19907', 'Two-Door Car'),
('9920', 'ZZ83340', 'Two-Door Car'),
('9921', 'FG46258', 'Two-Door Car'),
('9922', 'HV93429', 'Four-Door Car'),
('9923', 'WV66165', 'SUV'),
('9924', 'MG99229', 'Luxury Car'),
('9925', 'YA11342', 'Four-Door Car'),
('9926', 'KY39767', 'Four-Door Car'),
('9927', 'DI89983', 'Four-Door Car'),
('9928', 'OE15005', 'SUV'),
('9929', 'CW82151', 'Sports Car'),
('9930', 'GL56175', 'Four-Door Car'),
('9931', 'YM57893', 'Two-Door Car'),
('9932', 'RE81445', 'Two-Door Car'),
('9933', 'RQ19236', 'Sports Car'),
('9934', 'KL98495', 'Two-Door Car'),
('9935', 'MO56878', 'SUV'),
('9936', 'RJ85627', 'Four-Door Car'),
('9937', 'CC31456', 'Four-Door Car'),
('9938', 'UY18770', 'Luxury SUV'),
('9939', 'QW47320', 'Luxury SUV'),
('9940', 'LA14484', 'Four-Door Car'),
('9941', 'OM99303', 'Two-Door Car'),
('9942', 'MW62634', 'Four-Door Car'),
('9943', 'XM91635', 'Four-Door Car'),
('9944', 'XM72420', 'Four-Door Car'),
('9945', 'QL77686', 'SUV'),
('9946', 'DT77901', 'Luxury SUV'),
('9947', 'MY80583', 'Four-Door Car'),
('9948', 'HP50399', 'SUV'),
('9949', 'SS48498', 'Four-Door Car'),
('9950', 'XD21246', 'SUV'),
('9951', 'KK30016', 'Four-Door Car'),
('9952', 'NP88496', 'Four-Door Car'),
('9953', 'TL77607', 'Four-Door Car'),
('9954', 'MM71959', 'Sports Car'),
('9955', 'RX13282', 'SUV'),
('9956', 'XI41106', 'Two-Door Car'),
('9957', 'ON77827', 'Four-Door Car'),
('9958', 'VA30351', 'Four-Door Car'),
('9959', 'VO38365', 'SUV'),
('9960', 'NR32615', 'Four-Door Car'),
('9961', 'PU98976', 'Four-Door Car'),
('9962', 'CS15289', 'Luxury SUV'),
('9963', 'UY45293', 'Four-Door Car'),
('9964', 'GT54462', 'SUV'),
('9965', 'OR48881', 'Four-Door Car'),
('9966', 'PM13394', 'Four-Door Car'),
('9967', 'HM20544', 'Four-Door Car'),
('9968', 'MX50302', 'Two-Door Car'),
('9969', 'BM66931', 'SUV'),
('9970', 'UX71137', 'Four-Door Car'),
('9971', 'TP15362', 'Four-Door Car'),
('9972', 'LH92841', 'Four-Door Car'),
('9973', 'OO35641', 'SUV'),
('9974', 'FB84235', 'Four-Door Car'),
('9975', 'QZ17137', 'Two-Door Car'),
('9976', 'FV42881', 'Two-Door Car'),
('9977', 'ER40041', 'Luxury Car'),
('9978', 'VQ65197', 'SUV'),
('9979', 'OS94884', 'Two-Door Car'),
('9980', 'TH95618', 'Four-Door Car'),
('9981', 'TE34064', 'Four-Door Car'),
('9982', 'OM24164', 'Two-Door Car'),
('9983', 'KB72438', 'SUV'),
('9984', 'EK87864', 'Four-Door Car'),
('9985', 'AI85843', 'Four-Door Car'),
('9986', 'XS12556', 'Sports Car'),
('9987', 'WK23685', 'Four-Door Car'),
('9988', 'NG66579', 'Two-Door Car'),
('9989', 'PN18507', 'Two-Door Car'),
('9990', 'TA34903', 'Four-Door Car'),
('9991', 'MH40017', 'Four-Door Car'),
('9992', 'PN22481', 'Two-Door Car'),
('9993', 'QA41558', 'Two-Door Car'),
('9994', 'FS29897', 'Four-Door Car'),
('9995', 'UQ85283', 'Sports Car'),
('9996', 'AB21519', 'Four-Door Car'),
('9997', 'NY97446', 'Four-Door Car'),
('9998', 'OK50159', 'Sports Car'),
('9999', 'UP97629', 'Four-Door Car');

-- --------------------------------------------------------

--
-- Struktur dari tabel `nasabah`
--

CREATE TABLE `nasabah` (
  `kodenasabah` varchar(15) NOT NULL,
  `alamat` text NOT NULL,
  `statuspekerjaan` varchar(30) NOT NULL,
  `jeniskelamin` varchar(12) NOT NULL,
  `kodelokasi` varchar(10) NOT NULL
) ENGINE=InnoDB DEFAULT CHARSET=latin1;

--
-- Dumping data untuk tabel `nasabah`
--

INSERT INTO `nasabah` (`kodenasabah`, `alamat`, `statuspekerjaan`, `jeniskelamin`, `kodelokasi`) VALUES
('AA71604', 'Arizona', 'Employed', 'Perempuan', 'Suburban'),
('AB21519', 'California', 'Employed', 'Perempuan', 'Urban'),
('AB31813', 'Washington', 'Unemployed', 'Laki-laki', 'Suburban'),
('AB60627', 'California', 'Employed', 'Laki-laki', 'Rural'),
('AC22873', 'Arizona', 'Medical Leave', 'Perempuan', 'Suburban'),
('AC75391', 'Arizona', 'Employed', 'Perempuan', 'Suburban'),
('AG22225', 'Oregon', 'Unemployed', 'Laki-laki', 'Suburban'),
('AH65907', 'California', 'Employed', 'Perempuan', 'Suburban'),
('AH84063', 'Oregon', 'Employed', 'Perempuan', 'Rural'),
('AI49188', 'Nevada', 'Employed', 'Perempuan', 'Suburban'),
('AI61368', 'Nevada', 'Medical Leave', 'Perempuan', 'Suburban'),
('AI85843', 'Arizona', 'Employed', 'Perempuan', 'Urban'),
('AL46984', 'California', 'Employed', 'Laki-laki', 'Suburban'),
('AL96740', 'California', 'Employed', 'Perempuan', 'Rural'),
('AM52614', 'Oregon', 'Employed', 'Perempuan', 'Suburban'),
('AM92343', 'Oregon', 'Employed', 'Perempuan', 'Urban'),
('AM97901', 'Nevada', 'Employed', 'Perempuan', 'Suburban'),
('AN47199', 'Nevada', 'Unemployed', 'Perempuan', 'Rural'),
('AN67558', 'Nevada', 'Unemployed', 'Laki-laki', 'Suburban'),
('AO74776', 'California', 'Employed', 'Perempuan', 'Suburban'),
('AO87348', 'Washington', 'Unemployed', 'Laki-laki', 'Suburban'),
('AO98601', 'Washington', 'Employed', 'Laki-laki', 'Suburban'),
('AP23850', 'Washington', 'Unemployed', 'Perempuan', 'Suburban'),
('AP67935', 'California', 'Employed', 'Laki-laki', 'Urban'),
('AP98768', 'California', 'Unemployed', 'Perempuan', 'Suburban'),
('AS55677', 'California', 'Employed', 'Perempuan', 'Rural'),
('AS97690', 'Arizona', 'Employed', 'Laki-laki', 'Suburban'),
('AU96286', 'Oregon', 'Unemployed', 'Perempuan', 'Suburban'),
('AV72430', 'Oregon', 'Employed', 'Laki-laki', 'Suburban'),
('AW18068', 'Arizona', 'Unemployed', 'Laki-laki', 'Suburban'),
('AW73065', 'Oregon', 'Unemployed', 'Perempuan', 'Suburban'),
('AY40674', 'Washington', 'Employed', 'Perempuan', 'Suburban'),
('AY84441', 'Oregon', 'Unemployed', 'Laki-laki', 'Suburban'),
('AZ62651', 'Oregon', 'Employed', 'Laki-laki', 'Suburban'),
('AZ95587', 'Arizona', 'Employed', 'Perempuan', 'Urban'),
('BA17836', 'California', 'Employed', 'Laki-laki', 'Rural'),
('BB11622', 'Nevada', 'Employed', 'Laki-laki', 'Rural'),
('BB82067', 'Oregon', 'Employed', 'Laki-laki', 'Rural'),
('BC66921', 'Nevada', 'Employed', 'Perempuan', 'Suburban'),
('BD16530', 'Arizona', 'Employed', 'Perempuan', 'Urban'),
('BD35676', 'Arizona', 'Employed', 'Laki-laki', 'Urban'),
('BD77090', 'Washington', 'Employed', 'Perempuan', 'Urban'),
('BE10809', 'California', 'Unemployed', 'Perempuan', 'Suburban'),
('BE62503', 'Washington', 'Retired', 'Perempuan', 'Suburban'),
('BF72793', 'California', 'Unemployed', 'Perempuan', 'Suburban'),
('BG15419', 'Nevada', 'Employed', 'Perempuan', 'Rural'),
('BG76355', 'Washington', 'Employed', 'Perempuan', 'Rural'),
('BG84194', 'Oregon', 'Employed', 'Laki-laki', 'Rural'),
('BG85305', 'Nevada', 'Employed', 'Laki-laki', 'Suburban'),
('BH11344', 'Oregon', 'Employed', 'Perempuan', 'Rural'),
('BH23017', 'Nevada', 'Unemployed', 'Perempuan', 'Suburban'),
('BH35016', 'Nevada', 'Employed', 'Perempuan', 'Suburban'),
('BH36570', 'California', 'Employed', 'Laki-laki', 'Suburban'),
('BI34376', 'California', 'Employed', 'Perempuan', 'Suburban'),
('BI38192', 'Oregon', 'Employed', 'Perempuan', 'Suburban'),
('BI76326', 'California', 'Employed', 'Perempuan', 'Urban'),
('BJ53923', 'Arizona', 'Employed', 'Laki-laki', 'Rural'),
('BK21146', 'Arizona', 'Unemployed', 'Laki-laki', 'Suburban'),
('BK73302', 'California', 'Employed', 'Laki-laki', 'Suburban'),
('BL90769', 'California', 'Employed', 'Perempuan', 'Suburban'),
('BM15160', 'California', 'Employed', 'Perempuan', 'Rural'),
('BM21532', 'Washington', 'Unemployed', 'Perempuan', 'Suburban'),
('BM66931', 'Arizona', 'Employed', 'Perempuan', 'Urban'),
('BM69081', 'Arizona', 'Unemployed', 'Laki-laki', 'Suburban'),
('BM69818', 'Oregon', 'Unemployed', 'Laki-laki', 'Suburban'),
('BN74268', 'Arizona', 'Employed', 'Perempuan', 'Suburban'),
('BN87372', 'Oregon', 'Employed', 'Laki-laki', 'Suburban'),
('BP83941', 'Arizona', 'Unemployed', 'Perempuan', 'Suburban'),
('BQ12347', 'Arizona', 'Employed', 'Laki-laki', 'Suburban'),
('BQ51587', 'California', 'Unemployed', 'Perempuan', 'Suburban'),
('BS13111', 'Arizona', 'Unemployed', 'Laki-laki', 'Urban'),
('BS83666', 'Oregon', 'Employed', 'Laki-laki', 'Rural'),
('BT30554', 'Arizona', 'Unemployed', 'Perempuan', 'Suburban'),
('BT76268', 'California', 'Employed', 'Perempuan', 'Suburban'),
('BU16704', 'Oregon', 'Unemployed', 'Perempuan', 'Suburban'),
('BU44523', 'Arizona', 'Unemployed', 'Perempuan', 'Suburban'),
('BV55014', 'Oregon', 'Employed', 'Laki-laki', 'Suburban'),
('BV79904', 'California', 'Employed', 'Perempuan', 'Rural'),
('BV86143', 'California', 'Employed', 'Perempuan', 'Urban'),
('BW25236', 'Arizona', 'Employed', 'Laki-laki', 'Urban'),
('BW46202', 'Oregon', 'Medical Leave', 'Perempuan', 'Rural'),
('BW52697', 'California', 'Employed', 'Perempuan', 'Urban'),
('BW63560', 'Oregon', 'Employed', 'Perempuan', 'Rural'),
('BX94438', 'California', 'Unemployed', 'Perempuan', 'Suburban'),
('BY88757', 'California', 'Unemployed', 'Laki-laki', 'Suburban'),
('BZ12077', 'Oregon', 'Unemployed', 'Perempuan', 'Suburban'),
('BZ65376', 'Arizona', 'Medical Leave', 'Laki-laki', 'Suburban'),
('CA56041', 'Nevada', 'Employed', 'Perempuan', 'Urban'),
('CA86085', 'Washington', 'Employed', 'Laki-laki', 'Suburban'),
('CB58476', 'Oregon', 'Unemployed', 'Perempuan', 'Suburban'),
('CC15295', 'Oregon', 'Employed', 'Perempuan', 'Suburban'),
('CC31456', 'Arizona', 'Employed', 'Laki-laki', 'Rural'),
('CC91503', 'Arizona', 'Unemployed', 'Perempuan', 'Suburban'),
('CD76093', 'Nevada', 'Employed', 'Laki-laki', 'Suburban'),
('CD86811', 'Arizona', 'Retired', 'Laki-laki', 'Suburban'),
('CD88896', 'Nevada', 'Employed', 'Perempuan', 'Rural'),
('CE12380', 'Arizona', 'Unemployed', 'Perempuan', 'Urban'),
('CE56187', 'Oregon', 'Employed', 'Perempuan', 'Urban'),
('CF15558', 'California', 'Employed', 'Perempuan', 'Urban'),
('CF57022', 'Oregon', 'Medical Leave', 'Laki-laki', 'Suburban'),
('CF85061', 'Arizona', 'Unemployed', 'Laki-laki', 'Urban'),
('CH85057', 'Oregon', 'Employed', 'Perempuan', 'Rural'),
('CH97539', 'Washington', 'Employed', 'Perempuan', 'Rural'),
('CI24326', 'Oregon', 'Unemployed', 'Laki-laki', 'Suburban'),
('CJ15590', 'Oregon', 'Employed', 'Perempuan', 'Suburban'),
('CJ97736', 'Oregon', 'Employed', 'Perempuan', 'Suburban'),
('CK19789', 'California', 'Employed', 'Perempuan', 'Rural'),
('CK39096', 'Oregon', 'Unemployed', 'Laki-laki', 'Suburban'),
('CK40732', 'California', 'Unemployed', 'Perempuan', 'Suburban'),
('CM52565', 'Nevada', 'Unemployed', 'Perempuan', 'Suburban'),
('CM55703', 'Washington', 'Employed', 'Perempuan', 'Suburban'),
('CM88932', 'Oregon', 'Employed', 'Perempuan', 'Rural'),
('CM94425', 'Arizona', 'Employed', 'Laki-laki', 'Urban'),
('CM95716', 'California', 'Employed', 'Laki-laki', 'Rural'),
('CN24514', 'Arizona', 'Employed', 'Perempuan', 'Rural'),
('CO44221', 'California', 'Employed', 'Laki-laki', 'Suburban'),
('CP28581', 'Arizona', 'Employed', 'Laki-laki', 'Rural'),
('CP30637', 'California', 'Employed', 'Perempuan', 'Rural'),
('CP32818', 'Oregon', 'Employed', 'Laki-laki', 'Rural'),
('CP85232', 'Arizona', 'Employed', 'Laki-laki', 'Rural'),
('CP98451', 'Oregon', 'Employed', 'Perempuan', 'Urban'),
('CQ75652', 'Oregon', 'Unemployed', 'Laki-laki', 'Suburban'),
('CR48975', 'Washington', 'Employed', 'Laki-laki', 'Suburban'),
('CR57148', 'Oregon', 'Employed', 'Perempuan', 'Rural'),
('CR92802', 'California', 'Employed', 'Perempuan', 'Rural'),
('CS15289', 'Oregon', 'Employed', 'Perempuan', 'Rural'),
('CS55808', 'California', 'Unemployed', 'Laki-laki', 'Suburban'),
('CS93971', 'Arizona', 'Retired', 'Perempuan', 'Suburban'),
('CT83377', 'Washington', 'Employed', 'Laki-laki', 'Rural'),
('CU13711', 'Oregon', 'Employed', 'Perempuan', 'Urban'),
('CU26127', 'California', 'Employed', 'Perempuan', 'Urban'),
('CU36986', 'California', 'Employed', 'Perempuan', 'Suburban'),
('CV24005', 'Oregon', 'Employed', 'Laki-laki', 'Suburban'),
('CV29889', 'California', 'Unemployed', 'Laki-laki', 'Suburban'),
('CV31235', 'Arizona', 'Employed', 'Laki-laki', 'Urban'),
('CV48634', 'Nevada', 'Employed', 'Laki-laki', 'Rural'),
('CW49887', 'California', 'Employed', 'Perempuan', 'Suburban'),
('CW82151', 'California', 'Employed', 'Laki-laki', 'Rural'),
('CX12134', 'Nevada', 'Employed', 'Laki-laki', 'Suburban'),
('CY47265', 'Oregon', 'Retired', 'Perempuan', 'Suburban'),
('CY50337', 'Oregon', 'Employed', 'Perempuan', 'Rural'),
('CZ33664', 'Oregon', 'Employed', 'Perempuan', 'Rural'),
('CZ96653', 'Oregon', 'Employed', 'Perempuan', 'Rural'),
('DA69469', 'Oregon', 'Employed', 'Perempuan', 'Rural'),
('DB42794', 'California', 'Employed', 'Laki-laki', 'Suburban'),
('DB71122', 'California', 'Medical Leave', 'Perempuan', 'Urban'),
('DE18949', 'Oregon', 'Employed', 'Perempuan', 'Rural'),
('DE21533', 'California', 'Employed', 'Laki-laki', 'Suburban'),
('DE28132', 'Oregon', 'Employed', 'Laki-laki', 'Suburban'),
('DE34457', 'Oregon', 'Employed', 'Perempuan', 'Urban'),
('DE55857', 'Washington', 'Employed', 'Perempuan', 'Suburban'),
('DE75225', 'Oregon', 'Unemployed', 'Laki-laki', 'Suburban'),
('DF66914', 'Arizona', 'Employed', 'Perempuan', 'Suburban'),
('DF94525', 'Oregon', 'Medical Leave', 'Laki-laki', 'Suburban'),
('DF95759', 'Oregon', 'Unemployed', 'Laki-laki', 'Suburban'),
('DG80424', 'Washington', 'Employed', 'Perempuan', 'Urban'),
('DI30528', 'California', 'Employed', 'Perempuan', 'Rural'),
('DI89983', 'California', 'Medical Leave', 'Laki-laki', 'Suburban'),
('DJ51510', 'Arizona', 'Employed', 'Perempuan', 'Rural'),
('DJ77787', 'Arizona', 'Unemployed', 'Perempuan', 'Suburban'),
('DJ91267', 'Nevada', 'Employed', 'Perempuan', 'Rural'),
('DK32872', 'Nevada', 'Employed', 'Perempuan', 'Suburban'),
('DK94262', 'Oregon', 'Employed', 'Laki-laki', 'Suburban'),
('DL36983', 'Oregon', 'Employed', 'Perempuan', 'Suburban'),
('DM74502', 'Nevada', 'Employed', 'Perempuan', 'Suburban'),
('DM79012', 'Oregon', 'Employed', 'Perempuan', 'Suburban'),
('DN29808', 'California', 'Employed', 'Perempuan', 'Suburban'),
('DO41287', 'Oregon', 'Unemployed', 'Laki-laki', 'Suburban'),
('DP26592', 'Oregon', 'Employed', 'Laki-laki', 'Urban'),
('DP45816', 'Arizona', 'Employed', 'Perempuan', 'Urban'),
('DP46882', 'California', 'Retired', 'Perempuan', 'Suburban'),
('DP84567', 'California', 'Unemployed', 'Laki-laki', 'Suburban'),
('DQ10761', 'Oregon', 'Unemployed', 'Laki-laki', 'Suburban'),
('DQ28641', 'Nevada', 'Medical Leave', 'Laki-laki', 'Suburban'),
('DQ45854', 'Oregon', 'Employed', 'Perempuan', 'Rural'),
('DQ50538', 'Nevada', 'Employed', 'Laki-laki', 'Suburban'),
('DQ79499', 'Oregon', 'Employed', 'Perempuan', 'Suburban'),
('DR38127', 'California', 'Employed', 'Laki-laki', 'Suburban'),
('DS45802', 'California', 'Employed', 'Perempuan', 'Rural'),
('DS81757', 'Oregon', 'Unemployed', 'Laki-laki', 'Suburban'),
('DS97676', 'Oregon', 'Unemployed', 'Perempuan', 'Suburban'),
('DT35588', 'Oregon', 'Employed', 'Laki-laki', 'Suburban'),
('DT77901', 'Oregon', 'Retired', 'Perempuan', 'Suburban'),
('DT85712', 'California', 'Employed', 'Laki-laki', 'Suburban'),
('DT99586', 'California', 'Employed', 'Perempuan', 'Rural'),
('DU18362', 'California', 'Unemployed', 'Laki-laki', 'Suburban'),
('DW19309', 'Oregon', 'Employed', 'Laki-laki', 'Suburban'),
('DW29763', 'Arizona', 'Employed', 'Laki-laki', 'Suburban'),
('DW96592', 'California', 'Employed', 'Laki-laki', 'Urban'),
('DX31066', 'Washington', 'Employed', 'Perempuan', 'Rural'),
('DX98298', 'Washington', 'Employed', 'Laki-laki', 'Suburban'),
('DY22043', 'Oregon', 'Employed', 'Perempuan', 'Suburban'),
('DZ45471', 'Nevada', 'Employed', 'Laki-laki', 'Urban'),
('DZ87709', 'Oregon', 'Employed', 'Perempuan', 'Rural'),
('EA25683', 'Washington', 'Employed', 'Laki-laki', 'Urban'),
('EA27048', 'California', 'Employed', 'Perempuan', 'Urban'),
('EB59129', 'Oregon', 'Employed', 'Perempuan', 'Rural'),
('EC71986', 'Washington', 'Medical Leave', 'Perempuan', 'Suburban'),
('ED50963', 'California', 'Employed', 'Perempuan', 'Suburban'),
('EE76374', 'Nevada', 'Unemployed', 'Perempuan', 'Suburban'),
('EF52978', 'Arizona', 'Unemployed', 'Perempuan', 'Suburban'),
('EF87528', 'Arizona', 'Retired', 'Laki-laki', 'Suburban'),
('EG48956', 'Washington', 'Unemployed', 'Laki-laki', 'Suburban'),
('EG56026', 'Nevada', 'Employed', 'Perempuan', 'Suburban'),
('EG62398', 'California', 'Employed', 'Perempuan', 'Suburban'),
('EG94326', 'Nevada', 'Employed', 'Laki-laki', 'Suburban'),
('EH24828', 'Nevada', 'Employed', 'Laki-laki', 'Suburban'),
('EI46264', 'California', 'Employed', 'Laki-laki', 'Rural'),
('EI71732', 'Oregon', 'Unemployed', 'Perempuan', 'Suburban'),
('EI85244', 'California', 'Unemployed', 'Laki-laki', 'Suburban'),
('EI91403', 'California', 'Employed', 'Laki-laki', 'Suburban'),
('EJ19449', 'California', 'Medical Leave', 'Perempuan', 'Suburban'),
('EJ43595', 'California', 'Unemployed', 'Laki-laki', 'Suburban'),
('EJ44139', 'Oregon', 'Unemployed', 'Laki-laki', 'Suburban'),
('EJ90880', 'California', 'Employed', 'Laki-laki', 'Suburban'),
('EK19337', 'Oregon', 'Unemployed', 'Perempuan', 'Suburban'),
('EK87864', 'Arizona', 'Employed', 'Perempuan', 'Rural'),
('EK91340', 'Oregon', 'Employed', 'Laki-laki', 'Suburban'),
('EL62967', 'Oregon', 'Employed', 'Perempuan', 'Rural'),
('EL93539', 'California', 'Employed', 'Laki-laki', 'Rural'),
('EL99335', 'California', 'Retired', 'Perempuan', 'Suburban'),
('EM29359', 'Nevada', 'Medical Leave', 'Laki-laki', 'Suburban'),
('EM43724', 'Nevada', 'Employed', 'Perempuan', 'Rural'),
('EM66435', 'Oregon', 'Employed', 'Perempuan', 'Rural'),
('EN21086', 'Arizona', 'Unemployed', 'Perempuan', 'Suburban'),
('EN38348', 'Oregon', 'Employed', 'Perempuan', 'Rural'),
('EN61670', 'Arizona', 'Employed', 'Perempuan', 'Urban'),
('EO40136', 'Arizona', 'Employed', 'Perempuan', 'Urban'),
('EO91797', 'Nevada', 'Employed', 'Perempuan', 'Urban'),
('EO95328', 'Oregon', 'Employed', 'Perempuan', 'Suburban'),
('EP18940', 'Oregon', 'Unemployed', 'Perempuan', 'Suburban'),
('EP61084', 'Nevada', 'Employed', 'Perempuan', 'Rural'),
('EP72155', 'California', 'Unemployed', 'Perempuan', 'Suburban'),
('EP80820', 'California', 'Employed', 'Perempuan', 'Rural'),
('EP93369', 'Arizona', 'Unemployed', 'Perempuan', 'Suburban'),
('EQ59908', 'California', 'Employed', 'Laki-laki', 'Urban'),
('ER40041', 'Oregon', 'Employed', 'Perempuan', 'Rural'),
('ES16126', 'California', 'Employed', 'Laki-laki', 'Suburban'),
('ES39217', 'Oregon', 'Employed', 'Perempuan', 'Suburban'),
('ES57969', 'Oregon', 'Medical Leave', 'Laki-laki', 'Suburban'),
('ET64028', 'California', 'Employed', 'Perempuan', 'Suburban'),
('ET79528', 'California', 'Employed', 'Laki-laki', 'Rural'),
('EU27538', 'Oregon', 'Employed', 'Laki-laki', 'Rural'),
('EU68825', 'Oregon', 'Employed', 'Perempuan', 'Rural'),
('EV19512', 'Nevada', 'Retired', 'Perempuan', 'Suburban'),
('EV68375', 'California', 'Employed', 'Laki-laki', 'Suburban'),
('EW33419', 'California', 'Medical Leave', 'Perempuan', 'Suburban'),
('EW38459', 'Nevada', 'Employed', 'Perempuan', 'Rural'),
('EW82164', 'California', 'Employed', 'Perempuan', 'Suburban'),
('EX28656', 'Oregon', 'Employed', 'Perempuan', 'Suburban'),
('EX46492', 'Arizona', 'Employed', 'Perempuan', 'Urban'),
('EY50028', 'Nevada', 'Unemployed', 'Laki-laki', 'Urban'),
('EY89842', 'Arizona', 'Unemployed', 'Laki-laki', 'Suburban'),
('EZ30498', 'Oregon', 'Medical Leave', 'Laki-laki', 'Suburban'),
('EZ50606', 'Oregon', 'Unemployed', 'Perempuan', 'Suburban'),
('EZ74530', 'Nevada', 'Unemployed', 'Laki-laki', 'Suburban'),
('FA46418', 'Nevada', 'Employed', 'Perempuan', 'Suburban'),
('FB80807', 'Oregon', 'Employed', 'Laki-laki', 'Suburban'),
('FB84235', 'Oregon', 'Medical Leave', 'Laki-laki', 'Suburban'),
('FE73696', 'Oregon', 'Employed', 'Laki-laki', 'Urban'),
('FE84989', 'Washington', 'Employed', 'Laki-laki', 'Urban'),
('FF22360', 'Washington', 'Employed', 'Perempuan', 'Rural'),
('FF28650', 'Oregon', 'Retired', 'Laki-laki', 'Suburban'),
('FF61670', 'California', 'Unemployed', 'Laki-laki', 'Suburban'),
('FF68864', 'Arizona', 'Employed', 'Perempuan', 'Rural'),
('FG16766', 'California', 'Employed', 'Perempuan', 'Suburban'),
('FG46258', 'Washington', 'Medical Leave', 'Perempuan', 'Urban'),
('FG91922', 'Arizona', 'Employed', 'Laki-laki', 'Suburban'),
('FH51383', 'California', 'Employed', 'Perempuan', 'Urban'),
('FH85960', 'Oregon', 'Employed', 'Laki-laki', 'Suburban'),
('FI20423', 'Arizona', 'Employed', 'Perempuan', 'Rural'),
('FI45719', 'Arizona', 'Employed', 'Laki-laki', 'Urban'),
('FI61723', 'California', 'Employed', 'Laki-laki', 'Rural'),
('FI92440', 'Washington', 'Employed', 'Perempuan', 'Rural'),
('FJ54907', 'Oregon', 'Employed', 'Perempuan', 'Suburban'),
('FK75497', 'California', 'Employed', 'Laki-laki', 'Rural'),
('FL50705', 'California', 'Employed', 'Perempuan', 'Suburban'),
('FL69363', 'Oregon', 'Employed', 'Laki-laki', 'Rural'),
('FL82372', 'Oregon', 'Employed', 'Perempuan', 'Suburban'),
('FM46980', 'Arizona', 'Employed', 'Laki-laki', 'Suburban'),
('FN50615', 'Washington', 'Employed', 'Perempuan', 'Suburban'),
('FN69743', 'California', 'Retired', 'Laki-laki', 'Suburban'),
('FO35655', 'Oregon', 'Unemployed', 'Laki-laki', 'Suburban'),
('FO99259', 'California', 'Retired', 'Laki-laki', 'Suburban'),
('FR55658', 'California', 'Employed', 'Laki-laki', 'Rural'),
('FR56877', 'Arizona', 'Employed', 'Perempuan', 'Suburban'),
('FS29897', 'Oregon', 'Unemployed', 'Perempuan', 'Suburban'),
('FS42690', 'Washington', 'Employed', 'Laki-laki', 'Suburban'),
('FS55302', 'California', 'Employed', 'Laki-laki', 'Suburban'),
('FS76657', 'Oregon', 'Employed', 'Perempuan', 'Urban'),
('FT56968', 'Arizona', 'Employed', 'Laki-laki', 'Suburban'),
('FU99476', 'Washington', 'Employed', 'Laki-laki', 'Rural'),
('FV19421', 'California', 'Unemployed', 'Laki-laki', 'Urban'),
('FV21968', 'Nevada', 'Employed', 'Perempuan', 'Rural'),
('FV42881', 'Oregon', 'Employed', 'Perempuan', 'Rural'),
('FW91032', 'California', 'Employed', 'Laki-laki', 'Rural'),
('FX55923', 'Arizona', 'Employed', 'Laki-laki', 'Rural'),
('FY13480', 'California', 'Unemployed', 'Laki-laki', 'Suburban'),
('FY40655', 'Washington', 'Unemployed', 'Laki-laki', 'Suburban'),
('FY51713', 'Arizona', 'Employed', 'Perempuan', 'Suburban'),
('FY56083', 'Oregon', 'Employed', 'Laki-laki', 'Rural'),
('FY62633', 'Oregon', 'Unemployed', 'Laki-laki', 'Suburban'),
('FZ20933', 'Oregon', 'Employed', 'Laki-laki', 'Suburban'),
('FZ24763', 'California', 'Employed', 'Laki-laki', 'Rural'),
('FZ55002', 'Nevada', 'Unemployed', 'Perempuan', 'Suburban'),
('GB33195', 'Washington', 'Unemployed', 'Laki-laki', 'Suburban'),
('GB35238', 'California', 'Employed', 'Perempuan', 'Suburban'),
('GB45753', 'California', 'Employed', 'Laki-laki', 'Rural'),
('GC15104', 'Nevada', 'Employed', 'Perempuan', 'Suburban'),
('GC17585', 'Arizona', 'Employed', 'Laki-laki', 'Suburban'),
('GD55093', 'California', 'Employed', 'Perempuan', 'Suburban'),
('GD59796', 'Nevada', 'Employed', 'Perempuan', 'Suburban'),
('GD83998', 'Washington', 'Employed', 'Laki-laki', 'Suburban'),
('GE29173', 'Nevada', 'Unemployed', 'Laki-laki', 'Suburban'),
('GE47180', 'Nevada', 'Employed', 'Laki-laki', 'Rural'),
('GE62437', 'Arizona', 'Employed', 'Perempuan', 'Suburban'),
('GE82737', 'Nevada', 'Unemployed', 'Perempuan', 'Suburban'),
('GE87503', 'California', 'Employed', 'Laki-laki', 'Suburban'),
('GF17866', 'Oregon', 'Retired', 'Laki-laki', 'Suburban'),
('GF65731', 'California', 'Unemployed', 'Perempuan', 'Suburban'),
('GF94951', 'Arizona', 'Unemployed', 'Laki-laki', 'Suburban'),
('GG68407', 'Washington', 'Unemployed', 'Perempuan', 'Suburban'),
('GH31557', 'California', 'Employed', 'Laki-laki', 'Suburban'),
('GH42026', 'Oregon', 'Employed', 'Laki-laki', 'Rural'),
('GI68556', 'California', 'Employed', 'Perempuan', 'Rural'),
('GI82355', 'Arizona', 'Unemployed', 'Laki-laki', 'Suburban'),
('GJ59592', 'California', 'Employed', 'Perempuan', 'Suburban'),
('GK71720', 'Oregon', 'Unemployed', 'Perempuan', 'Suburban'),
('GK72076', 'Washington', 'Employed', 'Perempuan', 'Suburban'),
('GK73582', 'California', 'Employed', 'Perempuan', 'Urban'),
('GL20444', 'Nevada', 'Employed', 'Perempuan', 'Rural'),
('GL56175', 'Arizona', 'Employed', 'Laki-laki', 'Urban'),
('GL67540', 'California', 'Employed', 'Perempuan', 'Urban'),
('GM16780', 'Oregon', 'Employed', 'Laki-laki', 'Rural'),
('GM62071', 'Washington', 'Employed', 'Perempuan', 'Suburban'),
('GN45013', 'Oregon', 'Medical Leave', 'Laki-laki', 'Suburban'),
('GN46207', 'Oregon', 'Employed', 'Perempuan', 'Suburban'),
('GO14008', 'Oregon', 'Employed', 'Perempuan', 'Suburban'),
('GO36627', 'Arizona', 'Employed', 'Laki-laki', 'Urban'),
('GO77248', 'Oregon', 'Unemployed', 'Perempuan', 'Suburban'),
('GP18756', 'California', 'Medical Leave', 'Laki-laki', 'Suburban'),
('GP40701', 'California', 'Employed', 'Perempuan', 'Suburban'),
('GP67816', 'California', 'Employed', 'Perempuan', 'Urban'),
('GQ46925', 'Arizona', 'Employed', 'Laki-laki', 'Urban'),
('GQ66762', 'California', 'Employed', 'Laki-laki', 'Urban'),
('GR26937', 'Oregon', 'Employed', 'Perempuan', 'Rural'),
('GR62267', 'Washington', 'Employed', 'Perempuan', 'Rural'),
('GT38956', 'California', 'Unemployed', 'Perempuan', 'Suburban'),
('GT54462', 'Arizona', 'Employed', 'Laki-laki', 'Urban'),
('GT62080', 'Washington', 'Employed', 'Laki-laki', 'Urban'),
('GT65065', 'Oregon', 'Employed', 'Perempuan', 'Urban'),
('GU66096', 'Arizona', 'Employed', 'Laki-laki', 'Suburban'),
('GU82475', 'California', 'Employed', 'Laki-laki', 'Suburban'),
('GU99037', 'Oregon', 'Employed', 'Laki-laki', 'Urban'),
('GW14109', 'California', 'Employed', 'Perempuan', 'Urban'),
('GX19342', 'California', 'Unemployed', 'Perempuan', 'Suburban'),
('GY55092', 'Nevada', 'Retired', 'Laki-laki', 'Suburban'),
('GY74661', 'Oregon', 'Employed', 'Perempuan', 'Rural'),
('HB67642', 'Arizona', 'Employed', 'Perempuan', 'Suburban'),
('HB85743', 'California', 'Employed', 'Laki-laki', 'Rural'),
('HC20975', 'Arizona', 'Employed', 'Laki-laki', 'Suburban'),
('HC74532', 'Oregon', 'Unemployed', 'Perempuan', 'Suburban'),
('HD32044', 'Oregon', 'Employed', 'Perempuan', 'Suburban'),
('HD95276', 'Washington', 'Unemployed', 'Perempuan', 'Rural'),
('HD95496', 'Oregon', 'Employed', 'Laki-laki', 'Urban'),
('HF75276', 'Nevada', 'Unemployed', 'Perempuan', 'Suburban'),
('HF75891', 'Washington', 'Employed', 'Perempuan', 'Suburban'),
('HF96939', 'Oregon', 'Employed', 'Laki-laki', 'Suburban'),
('HG33568', 'Arizona', 'Employed', 'Perempuan', 'Urban'),
('HG39060', 'Oregon', 'Unemployed', 'Laki-laki', 'Suburban'),
('HI14283', 'Oregon', 'Unemployed', 'Perempuan', 'Suburban'),
('HI41970', 'Oregon', 'Employed', 'Perempuan', 'Rural'),
('HJ15383', 'Washington', 'Employed', 'Laki-laki', 'Rural'),
('HJ79774', 'Oregon', 'Employed', 'Perempuan', 'Urban'),
('HK26543', 'California', 'Employed', 'Laki-laki', 'Suburban'),
('HL53154', 'California', 'Unemployed', 'Laki-laki', 'Suburban'),
('HL63895', 'Arizona', 'Employed', 'Laki-laki', 'Urban'),
('HM20544', 'Washington', 'Unemployed', 'Perempuan', 'Suburban'),
('HM76207', 'California', 'Employed', 'Perempuan', 'Suburban'),
('HN57556', 'California', 'Unemployed', 'Perempuan', 'Suburban'),
('HN95240', 'Arizona', 'Unemployed', 'Perempuan', 'Suburban'),
('HO29524', 'California', 'Employed', 'Laki-laki', 'Rural'),
('HO92982', 'California', 'Employed', 'Laki-laki', 'Suburban'),
('HP36979', 'California', 'Employed', 'Laki-laki', 'Suburban'),
('HP50399', 'Nevada', 'Unemployed', 'Laki-laki', 'Suburban'),
('HP55391', 'Oregon', 'Unemployed', 'Laki-laki', 'Suburban'),
('HP94242', 'Arizona', 'Employed', 'Perempuan', 'Suburban'),
('HQ23708', 'Arizona', 'Employed', 'Perempuan', 'Rural'),
('HQ82089', 'Arizona', 'Unemployed', 'Perempuan', 'Suburban'),
('HR64684', 'Oregon', 'Unemployed', 'Laki-laki', 'Suburban'),
('HR85211', 'Washington', 'Employed', 'Perempuan', 'Rural'),
('HS28694', 'Washington', 'Employed', 'Perempuan', 'Rural'),
('HS67749', 'California', 'Employed', 'Laki-laki', 'Rural'),
('HS85465', 'California', 'Employed', 'Laki-laki', 'Suburban'),
('HT16519', 'Washington', 'Employed', 'Perempuan', 'Urban'),
('HT87217', 'Oregon', 'Employed', 'Perempuan', 'Urban'),
('HU35721', 'Oregon', 'Employed', 'Laki-laki', 'Suburban'),
('HU82227', 'Arizona', 'Employed', 'Laki-laki', 'Urban'),
('HV83672', 'Oregon', 'Employed', 'Perempuan', 'Urban'),
('HV93429', 'Oregon', 'Employed', 'Perempuan', 'Rural'),
('HW42900', 'California', 'Employed', 'Laki-laki', 'Suburban'),
('HX44948', 'Oregon', 'Employed', 'Laki-laki', 'Rural'),
('HX78576', 'California', 'Employed', 'Perempuan', 'Urban'),
('HY76810', 'Oregon', 'Unemployed', 'Perempuan', 'Rural'),
('IA15979', 'Washington', 'Employed', 'Laki-laki', 'Urban'),
('IA52178', 'Arizona', 'Employed', 'Perempuan', 'Suburban'),
('IA62027', 'Arizona', 'Unemployed', 'Perempuan', 'Suburban'),
('IA63417', 'Arizona', 'Retired', 'Perempuan', 'Suburban'),
('IA96447', 'California', 'Employed', 'Laki-laki', 'Suburban'),
('IB41597', 'California', 'Employed', 'Perempuan', 'Urban'),
('IB67546', 'California', 'Medical Leave', 'Perempuan', 'Suburban'),
('IB80924', 'Washington', 'Employed', 'Perempuan', 'Urban'),
('IC13702', 'California', 'Unemployed', 'Perempuan', 'Suburban'),
('IC41932', 'Nevada', 'Employed', 'Laki-laki', 'Suburban'),
('IC43478', 'California', 'Employed', 'Laki-laki', 'Suburban'),
('ID20929', 'Oregon', 'Medical Leave', 'Laki-laki', 'Suburban'),
('IE15348', 'Washington', 'Employed', 'Perempuan', 'Urban'),
('IE40701', 'California', 'Employed', 'Laki-laki', 'Suburban'),
('II62831', 'California', 'Employed', 'Laki-laki', 'Urban'),
('II83628', 'California', 'Employed', 'Laki-laki', 'Suburban'),
('IJ50779', 'Washington', 'Medical Leave', 'Laki-laki', 'Suburban'),
('IK92617', 'Oregon', 'Employed', 'Perempuan', 'Urban'),
('IL19217', 'California', 'Employed', 'Perempuan', 'Suburban'),
('IL28481', 'Oregon', 'Employed', 'Laki-laki', 'Urban'),
('IL56791', 'Oregon', 'Unemployed', 'Laki-laki', 'Suburban'),
('IL66569', 'California', 'Employed', 'Laki-laki', 'Urban'),
('IO33050', 'Oregon', 'Employed', 'Perempuan', 'Urban'),
('IP66913', 'California', 'Employed', 'Laki-laki', 'Suburban'),
('IQ82914', 'Oregon', 'Employed', 'Perempuan', 'Rural'),
('IR62668', 'Arizona', 'Employed', 'Perempuan', 'Rural'),
('IS12901', 'Arizona', 'Employed', 'Perempuan', 'Urban'),
('IS50283', 'California', 'Employed', 'Perempuan', 'Suburban'),
('IU25463', 'California', 'Unemployed', 'Perempuan', 'Suburban'),
('IU47468', 'Oregon', 'Unemployed', 'Perempuan', 'Suburban'),
('IU96845', 'Arizona', 'Employed', 'Laki-laki', 'Rural'),
('IV55977', 'Oregon', 'Unemployed', 'Laki-laki', 'Suburban'),
('IV74747', 'California', 'Unemployed', 'Laki-laki', 'Suburban'),
('IW54795', 'California', 'Medical Leave', 'Laki-laki', 'Suburban'),
('IX35050', 'Arizona', 'Employed', 'Laki-laki', 'Rural'),
('IX37561', 'Washington', 'Unemployed', 'Perempuan', 'Suburban'),
('IX55883', 'California', 'Employed', 'Perempuan', 'Urban'),
('IY59173', 'Oregon', 'Employed', 'Perempuan', 'Suburban'),
('JA34909', 'California', 'Medical Leave', 'Perempuan', 'Suburban'),
('JA41698', 'Nevada', 'Unemployed', 'Laki-laki', 'Suburban'),
('JA93297', 'California', 'Retired', 'Laki-laki', 'Suburban'),
('JB50798', 'Oregon', 'Employed', 'Perempuan', 'Suburban'),
('JC11405', 'Oregon', 'Employed', 'Laki-laki', 'Suburban'),
('JC29295', 'California', 'Employed', 'Perempuan', 'Urban'),
('JE71423', 'Washington', 'Employed', 'Laki-laki', 'Suburban'),
('JF36291', 'California', 'Retired', 'Laki-laki', 'Suburban'),
('JF57282', 'Nevada', 'Unemployed', 'Laki-laki', 'Suburban'),
('JF83834', 'Oregon', 'Employed', 'Laki-laki', 'Rural'),
('JG36165', 'California', 'Unemployed', 'Laki-laki', 'Suburban'),
('JG87029', 'Oregon', 'Employed', 'Laki-laki', 'Suburban'),
('JH62891', 'Oregon', 'Employed', 'Perempuan', 'Rural'),
('JH73503', 'Arizona', 'Employed', 'Laki-laki', 'Suburban'),
('JH91579', 'Oregon', 'Unemployed', 'Perempuan', 'Suburban'),
('JI70886', 'California', 'Unemployed', 'Laki-laki', 'Suburban'),
('JI71369', 'California', 'Employed', 'Perempuan', 'Rural'),
('JJ76159', 'California', 'Employed', 'Laki-laki', 'Rural'),
('JJ97525', 'California', 'Employed', 'Laki-laki', 'Suburban'),
('JK32620', 'Nevada', 'Unemployed', 'Laki-laki', 'Suburban'),
('JK55587', 'California', 'Medical Leave', 'Laki-laki', 'Suburban'),
('JL19416', 'California', 'Unemployed', 'Perempuan', 'Suburban'),
('JM62924', 'Washington', 'Employed', 'Laki-laki', 'Suburban'),
('JN26745', 'Nevada', 'Unemployed', 'Perempuan', 'Suburban'),
('JN72184', 'Oregon', 'Unemployed', 'Laki-laki', 'Suburban'),
('JO13576', 'California', 'Retired', 'Perempuan', 'Suburban'),
('JP12645', 'Arizona', 'Employed', 'Laki-laki', 'Suburban'),
('JP58047', 'Oregon', 'Unemployed', 'Laki-laki', 'Suburban'),
('JP69864', 'Washington', 'Retired', 'Perempuan', 'Suburban'),
('JP94676', 'Oregon', 'Employed', 'Perempuan', 'Urban'),
('JQ56711', 'Oregon', 'Employed', 'Perempuan', 'Rural'),
('JR10216', 'California', 'Retired', 'Perempuan', 'Suburban'),
('JS42382', 'Oregon', 'Employed', 'Laki-laki', 'Suburban'),
('JS43228', 'California', 'Employed', 'Laki-laki', 'Suburban'),
('JT11876', 'Washington', 'Unemployed', 'Perempuan', 'Suburban'),
('JT52858', 'Oregon', 'Employed', 'Perempuan', 'Suburban'),
('JU19953', 'California', 'Employed', 'Perempuan', 'Urban'),
('JV68002', 'Washington', 'Retired', 'Laki-laki', 'Suburban'),
('JW12998', 'California', 'Employed', 'Perempuan', 'Suburban'),
('JW24035', 'Oregon', 'Unemployed', 'Laki-laki', 'Suburban'),
('JX19907', 'Oregon', 'Unemployed', 'Laki-laki', 'Suburban'),
('JX68983', 'Oregon', 'Employed', 'Laki-laki', 'Suburban'),
('JY16280', 'California', 'Employed', 'Perempuan', 'Rural'),
('JY27336', 'Oregon', 'Employed', 'Perempuan', 'Rural'),
('JY45873', 'Washington', 'Employed', 'Perempuan', 'Suburban'),
('JY87538', 'Oregon', 'Employed', 'Perempuan', 'Urban'),
('JY90595', 'Arizona', 'Medical Leave', 'Laki-laki', 'Suburban'),
('JZ61422', 'Nevada', 'Employed', 'Perempuan', 'Suburban'),
('KA61892', 'Arizona', 'Retired', 'Laki-laki', 'Suburban'),
('KB72438', 'California', 'Employed', 'Perempuan', 'Rural'),
('KB99097', 'California', 'Unemployed', 'Perempuan', 'Suburban'),
('KC17170', 'Arizona', 'Employed', 'Perempuan', 'Rural'),
('KC32511', 'Oregon', 'Employed', 'Perempuan', 'Suburban'),
('KC71643', 'Oregon', 'Employed', 'Laki-laki', 'Suburban'),
('KD47243', 'California', 'Employed', 'Perempuan', 'Urban'),
('KD63998', 'California', 'Employed', 'Laki-laki', 'Suburban'),
('KF50730', 'California', 'Employed', 'Perempuan', 'Urban'),
('KF75098', 'Arizona', 'Employed', 'Laki-laki', 'Suburban'),
('KG81168', 'Arizona', 'Employed', 'Laki-laki', 'Rural'),
('KG83280', 'California', 'Employed', 'Perempuan', 'Suburban'),
('KH24214', 'Oregon', 'Employed', 'Laki-laki', 'Suburban'),
('KH44031', 'Oregon', 'Unemployed', 'Perempuan', 'Suburban'),
('KH48895', 'Arizona', 'Medical Leave', 'Perempuan', 'Rural'),
('KH48996', 'Arizona', 'Employed', 'Perempuan', 'Rural'),
('KH59823', 'California', 'Employed', 'Laki-laki', 'Suburban'),
('KI18648', 'Arizona', 'Employed', 'Perempuan', 'Suburban'),
('KI19439', 'Oregon', 'Employed', 'Perempuan', 'Suburban'),
('KI55845', 'Oregon', 'Employed', 'Perempuan', 'Suburban'),
('KI56154', 'Nevada', 'Unemployed', 'Laki-laki', 'Suburban'),
('KI75855', 'Oregon', 'Employed', 'Laki-laki', 'Suburban'),
('KJ31611', 'Arizona', 'Employed', 'Laki-laki', 'Suburban'),
('KJ86296', 'Oregon', 'Unemployed', 'Laki-laki', 'Suburban'),
('KJ87930', 'California', 'Unemployed', 'Perempuan', 'Suburban'),
('KK30016', 'Nevada', 'Employed', 'Laki-laki', 'Suburban'),
('KL43114', 'Arizona', 'Unemployed', 'Perempuan', 'Suburban'),
('KL57176', 'Oregon', 'Employed', 'Perempuan', 'Rural'),
('KL98495', 'Nevada', 'Unemployed', 'Laki-laki', 'Suburban'),
('KM33477', 'Oregon', 'Employed', 'Laki-laki', 'Suburban'),
('KN21017', 'Nevada', 'Employed', 'Laki-laki', 'Urban'),
('KN25556', 'Arizona', 'Unemployed', 'Perempuan', 'Suburban'),
('KN34250', 'Oregon', 'Employed', 'Perempuan', 'Suburban'),
('KN87338', 'Oregon', 'Employed', 'Perempuan', 'Rural'),
('KP18988', 'Oregon', 'Unemployed', 'Perempuan', 'Suburban'),
('KP34198', 'California', 'Unemployed', 'Perempuan', 'Suburban'),
('KP65334', 'California', 'Unemployed', 'Perempuan', 'Suburban'),
('KP72427', 'Washington', 'Employed', 'Laki-laki', 'Rural'),
('KQ65521', 'Arizona', 'Employed', 'Perempuan', 'Rural'),
('KR43119', 'California', 'Unemployed', 'Laki-laki', 'Suburban'),
('KR50062', 'Oregon', 'Employed', 'Laki-laki', 'Suburban'),
('KR62797', 'Arizona', 'Employed', 'Perempuan', 'Suburban'),
('KT40899', 'California', 'Employed', 'Laki-laki', 'Rural'),
('KU56006', 'Arizona', 'Employed', 'Perempuan', 'Suburban'),
('KU61611', 'Arizona', 'Employed', 'Laki-laki', 'Suburban'),
('KU84464', 'Nevada', 'Employed', 'Perempuan', 'Rural'),
('KU88219', 'Arizona', 'Employed', 'Laki-laki', 'Suburban'),
('KW81128', 'Arizona', 'Employed', 'Perempuan', 'Rural'),
('KY14688', 'Oregon', 'Employed', 'Perempuan', 'Rural'),
('KY33386', 'Washington', 'Unemployed', 'Perempuan', 'Suburban'),
('KY38074', 'California', 'Employed', 'Laki-laki', 'Suburban'),
('KY39767', 'Oregon', 'Unemployed', 'Perempuan', 'Suburban'),
('KZ22690', 'California', 'Employed', 'Perempuan', 'Rural'),
('LA13377', 'California', 'Employed', 'Laki-laki', 'Suburban'),
('LA14484', 'Nevada', 'Retired', 'Laki-laki', 'Suburban'),
('LA80525', 'Nevada', 'Unemployed', 'Laki-laki', 'Suburban'),
('LB25094', 'California', 'Employed', 'Perempuan', 'Rural'),
('LC25393', 'California', 'Employed', 'Laki-laki', 'Rural'),
('LC44944', 'Washington', 'Unemployed', 'Perempuan', 'Suburban'),
('LE26899', 'California', 'Unemployed', 'Laki-laki', 'Urban'),
('LE43061', 'California', 'Unemployed', 'Laki-laki', 'Suburban'),
('LE65901', 'Oregon', 'Employed', 'Perempuan', 'Rural'),
('LF66923', 'Nevada', 'Employed', 'Perempuan', 'Suburban'),
('LG19551', 'Arizona', 'Employed', 'Laki-laki', 'Suburban'),
('LG64797', 'California', 'Employed', 'Perempuan', 'Suburban'),
('LH92841', 'Washington', 'Employed', 'Perempuan', 'Rural'),
('LI85491', 'Oregon', 'Unemployed', 'Perempuan', 'Suburban'),
('LK60013', 'Oregon', 'Employed', 'Perempuan', 'Suburban'),
('LK74984', 'Washington', 'Employed', 'Laki-laki', 'Suburban'),
('LL45497', 'Washington', 'Employed', 'Perempuan', 'Suburban'),
('LL62746', 'Oregon', 'Medical Leave', 'Laki-laki', 'Urban'),
('LM34525', 'Washington', 'Employed', 'Perempuan', 'Rural'),
('LN26837', 'California', 'Employed', 'Laki-laki', 'Suburban'),
('LN31673', 'Washington', 'Employed', 'Laki-laki', 'Rural'),
('LN34660', 'California', 'Employed', 'Perempuan', 'Suburban'),
('LN50325', 'Arizona', 'Employed', 'Perempuan', 'Suburban'),
('LP47259', 'Arizona', 'Unemployed', 'Laki-laki', 'Suburban'),
('LP82042', 'Oregon', 'Employed', 'Laki-laki', 'Suburban'),
('LQ13873', 'Nevada', 'Employed', 'Laki-laki', 'Suburban'),
('LQ68252', 'Oregon', 'Retired', 'Laki-laki', 'Suburban'),
('LS51818', 'California', 'Employed', 'Perempuan', 'Suburban'),
('LS98306', 'Nevada', 'Employed', 'Laki-laki', 'Suburban'),
('LT32391', 'California', 'Retired', 'Perempuan', 'Urban'),
('LT89398', 'California', 'Unemployed', 'Laki-laki', 'Suburban'),
('LU89008', 'Arizona', 'Unemployed', 'Perempuan', 'Suburban'),
('LV62981', 'Arizona', 'Employed', 'Laki-laki', 'Suburban'),
('LW77178', 'Oregon', 'Employed', 'Perempuan', 'Suburban'),
('LW93867', 'Oregon', 'Medical Leave', 'Laki-laki', 'Rural'),
('LY97989', 'Oregon', 'Unemployed', 'Perempuan', 'Suburban'),
('LZ34046', 'Oregon', 'Employed', 'Laki-laki', 'Rural'),
('MA47641', 'Oregon', 'Retired', 'Laki-laki', 'Suburban'),
('MB51200', 'Washington', 'Unemployed', 'Laki-laki', 'Suburban'),
('MB69535', 'Washington', 'Unemployed', 'Laki-laki', 'Suburban'),
('MB83663', 'Oregon', 'Employed', 'Perempuan', 'Suburban'),
('MB90871', 'Oregon', 'Medical Leave', 'Perempuan', 'Rural'),
('MC20349', 'California', 'Unemployed', 'Perempuan', 'Suburban'),
('MC53402', 'Washington', 'Unemployed', 'Laki-laki', 'Suburban'),
('MC62068', 'California', 'Employed', 'Laki-laki', 'Urban'),
('MC71942', 'California', 'Employed', 'Perempuan', 'Rural'),
('MD43085', 'Oregon', 'Employed', 'Perempuan', 'Urban'),
('MD73554', 'California', 'Employed', 'Laki-laki', 'Suburban'),
('ME77513', 'Nevada', 'Employed', 'Perempuan', 'Urban'),
('MF82000', 'Washington', 'Unemployed', 'Perempuan', 'Rural'),
('MG99229', 'Oregon', 'Unemployed', 'Laki-laki', 'Suburban'),
('MH40017', 'Arizona', 'Employed', 'Laki-laki', 'Suburban'),
('MJ51323', 'Oregon', 'Employed', 'Perempuan', 'Suburban'),
('MK34957', 'Oregon', 'Employed', 'Perempuan', 'Suburban'),
('MK52197', 'Nevada', 'Unemployed', 'Perempuan', 'Suburban'),
('MK70700', 'California', 'Employed', 'Laki-laki', 'Urban'),
('MK73855', 'Washington', 'Employed', 'Perempuan', 'Suburban'),
('ML82674', 'Oregon', 'Employed', 'Laki-laki', 'Rural'),
('MM71959', 'Arizona', 'Employed', 'Laki-laki', 'Suburban'),
('MN61620', 'Arizona', 'Employed', 'Perempuan', 'Rural'),
('MN94234', 'California', 'Unemployed', 'Laki-laki', 'Suburban'),
('MO56878', 'California', 'Employed', 'Laki-laki', 'Suburban'),
('MP47256', 'California', 'Retired', 'Laki-laki', 'Suburban'),
('MP53505', 'Washington', 'Employed', 'Perempuan', 'Rural'),
('MQ15074', 'Washington', 'Employed', 'Laki-laki', 'Suburban'),
('MQ32284', 'California', 'Employed', 'Perempuan', 'Suburban'),
('MR57294', 'California', 'Employed', 'Laki-laki', 'Suburban'),
('MR67738', 'Oregon', 'Employed', 'Perempuan', 'Suburban'),
('MS41162', 'Arizona', 'Unemployed', 'Laki-laki', 'Suburban'),
('MS59005', 'Nevada', 'Employed', 'Laki-laki', 'Suburban'),
('MT23134', 'Oregon', 'Unemployed', 'Laki-laki', 'Suburban'),
('MU23938', 'Oregon', 'Employed', 'Laki-laki', 'Rural'),
('MU79385', 'Arizona', 'Employed', 'Laki-laki', 'Urban'),
('MW62634', 'California', 'Retired', 'Laki-laki', 'Suburban'),
('MW70227', 'California', 'Employed', 'Laki-laki', 'Suburban'),
('MX50302', 'Oregon', 'Employed', 'Laki-laki', 'Urban'),
('MY13737', 'California', 'Employed', 'Laki-laki', 'Rural'),
('MY31220', 'California', 'Employed', 'Perempuan', 'Suburban'),
('MY37953', 'Arizona', 'Employed', 'Perempuan', 'Rural'),
('MY43761', 'California', 'Employed', 'Laki-laki', 'Suburban'),
('MY80583', 'Oregon', 'Employed', 'Perempuan', 'Suburban'),
('MY88518', 'Nevada', 'Employed', 'Laki-laki', 'Suburban'),
('MY97912', 'Arizona', 'Unemployed', 'Laki-laki', 'Suburban'),
('MZ16820', 'Nevada', 'Employed', 'Laki-laki', 'Suburban'),
('MZ24175', 'Arizona', 'Employed', 'Perempuan', 'Suburban'),
('MZ82036', 'Nevada', 'Employed', 'Laki-laki', 'Suburban'),
('NB79936', 'Washington', 'Employed', 'Laki-laki', 'Rural'),
('NC53424', 'California', 'Unemployed', 'Laki-laki', 'Suburban'),
('NC58480', 'Nevada', 'Employed', 'Perempuan', 'Urban'),
('NC99948', 'Nevada', 'Unemployed', 'Laki-laki', 'Suburban'),
('ND41876', 'Arizona', 'Employed', 'Laki-laki', 'Suburban'),
('NE24371', 'Oregon', 'Medical Leave', 'Perempuan', 'Suburban'),
('NE49052', 'California', 'Medical Leave', 'Perempuan', 'Urban'),
('NE60110', 'Arizona', 'Employed', 'Laki-laki', 'Suburban'),
('NF31087', 'Nevada', 'Employed', 'Perempuan', 'Suburban'),
('NF35573', 'Oregon', 'Unemployed', 'Laki-laki', 'Suburban'),
('NF53775', 'California', 'Retired', 'Perempuan', 'Suburban'),
('NG27780', 'Oregon', 'Unemployed', 'Laki-laki', 'Rural'),
('NG66579', 'Oregon', 'Employed', 'Laki-laki', 'Urban'),
('NG82219', 'Oregon', 'Employed', 'Perempuan', 'Urban'),
('NH16984', 'California', 'Unemployed', 'Perempuan', 'Urban'),
('NH19236', 'Arizona', 'Unemployed', 'Laki-laki', 'Urban'),
('NI17718', 'California', 'Unemployed', 'Perempuan', 'Suburban'),
('NI44621', 'Oregon', 'Employed', 'Perempuan', 'Rural'),
('NJ46849', 'Arizona', 'Unemployed', 'Laki-laki', 'Suburban'),
('NK71023', 'Nevada', 'Employed', 'Laki-laki', 'Suburban'),
('NK73719', 'California', 'Employed', 'Perempuan', 'Rural'),
('NK91488', 'Nevada', 'Employed', 'Laki-laki', 'Suburban'),
('NL41409', 'Oregon', 'Employed', 'Perempuan', 'Suburban'),
('NL59519', 'California', 'Employed', 'Perempuan', 'Urban'),
('NL93182', 'Nevada', 'Unemployed', 'Laki-laki', 'Suburban'),
('NM39588', 'Washington', 'Employed', 'Perempuan', 'Rural'),
('NM42917', 'Arizona', 'Employed', 'Perempuan', 'Rural'),
('NM62724', 'Washington', 'Unemployed', 'Laki-laki', 'Suburban'),
('NM88660', 'Nevada', 'Employed', 'Laki-laki', 'Rural'),
('NN68193', 'Washington', 'Employed', 'Laki-laki', 'Suburban'),
('NN71951', 'California', 'Employed', 'Perempuan', 'Rural'),
('NN99001', 'Arizona', 'Employed', 'Perempuan', 'Suburban'),
('No36572', 'Oregon', 'Employed', 'Laki-laki', 'Suburban'),
('NP60037', 'Oregon', 'Employed', 'Laki-laki', 'Suburban'),
('NP88496', 'Nevada', 'Unemployed', 'Perempuan', 'Suburban'),
('NP91656', 'California', 'Unemployed', 'Perempuan', 'Suburban'),
('NQ86532', 'California', 'Medical Leave', 'Laki-laki', 'Suburban'),
('NR15332', 'California', 'Employed', 'Laki-laki', 'Suburban'),
('NR18672', 'Nevada', 'Employed', 'Laki-laki', 'Rural'),
('NR32615', 'California', 'Medical Leave', 'Laki-laki', 'Suburban'),
('NS45347', 'Oregon', 'Medical Leave', 'Perempuan', 'Suburban'),
('NT43594', 'Nevada', 'Retired', 'Perempuan', 'Suburban'),
('NT59303', 'Oregon', 'Employed', 'Perempuan', 'Suburban'),
('NT89061', 'Arizona', 'Employed', 'Perempuan', 'Suburban'),
('NU32697', 'Oregon', 'Unemployed', 'Laki-laki', 'Suburban'),
('NU42684', 'Nevada', 'Employed', 'Perempuan', 'Suburban'),
('NV55438', 'Nevada', 'Retired', 'Perempuan', 'Suburban'),
('NV61299', 'Arizona', 'Employed', 'Perempuan', 'Urban'),
('NW30838', 'Nevada', 'Unemployed', 'Laki-laki', 'Suburban'),
('NW54906', 'Oregon', 'Employed', 'Laki-laki', 'Suburban'),
('NX18774', 'Oregon', 'Employed', 'Laki-laki', 'Suburban'),
('NX52648', 'California', 'Employed', 'Perempuan', 'Suburban'),
('NY56352', 'Oregon', 'Medical Leave', 'Perempuan', 'Urban'),
('NY97446', 'Oregon', 'Employed', 'Perempuan', 'Urban'),
('NZ15548', 'Oregon', 'Employed', 'Laki-laki', 'Suburban'),
('NZ57065', 'Oregon', 'Employed', 'Laki-laki', 'Urban'),
('OA57352', 'Arizona', 'Retired', 'Perempuan', 'Suburban'),
('OA89218', 'Nevada', 'Employed', 'Perempuan', 'Suburban'),
('OA96690', 'Oregon', 'Employed', 'Perempuan', 'Urban'),
('OB49075', 'Arizona', 'Retired', 'Laki-laki', 'Suburban'),
('OB55054', 'Oregon', 'Employed', 'Laki-laki', 'Suburban'),
('OB69153', 'California', 'Employed', 'Laki-laki', 'Rural'),
('OB77084', 'Oregon', 'Unemployed', 'Perempuan', 'Suburban'),
('OB88698', 'Oregon', 'Employed', 'Laki-laki', 'Rural'),
('OB96537', 'Oregon', 'Employed', 'Laki-laki', 'Suburban'),
('OC80343', 'Oregon', 'Employed', 'Laki-laki', 'Rural'),
('OD18225', 'California', 'Employed', 'Laki-laki', 'Suburban'),
('OD56551', 'Oregon', 'Employed', 'Laki-laki', 'Suburban'),
('OD69005', 'Arizona', 'Employed', 'Perempuan', 'Rural'),
('OD76309', 'Washington', 'Retired', 'Perempuan', 'Suburban'),
('OE15005', 'California', 'Medical Leave', 'Laki-laki', 'Suburban'),
('OE51254', 'California', 'Employed', 'Perempuan', 'Suburban'),
('OF24813', 'Washington', 'Employed', 'Perempuan', 'Urban'),
('OF47250', 'California', 'Employed', 'Perempuan', 'Rural'),
('OF78862', 'Oregon', 'Employed', 'Perempuan', 'Suburban'),
('OH15771', 'California', 'Unemployed', 'Laki-laki', 'Suburban'),
('OH55411', 'California', 'Employed', 'Perempuan', 'Suburban'),
('OH64088', 'California', 'Employed', 'Laki-laki', 'Suburban'),
('OI29521', 'Oregon', 'Employed', 'Perempuan', 'Rural'),
('OI48267', 'California', 'Employed', 'Laki-laki', 'Suburban'),
('OJ33945', 'Oregon', 'Employed', 'Perempuan', 'Rural'),
('OJ90342', 'Oregon', 'Employed', 'Perempuan', 'Rural'),
('OK50159', 'Arizona', 'Employed', 'Perempuan', 'Rural'),
('OK56965', 'California', 'Employed', 'Perempuan', 'Urban'),
('OL72737', 'Oregon', 'Employed', 'Perempuan', 'Urban'),
('OL97871', 'Oregon', 'Employed', 'Perempuan', 'Urban'),
('OM24164', 'Nevada', 'Unemployed', 'Laki-laki', 'Suburban'),
('OM80593', 'California', 'Unemployed', 'Perempuan', 'Suburban'),
('OM99303', 'Arizona', 'Employed', 'Perempuan', 'Suburban'),
('ON39271', 'California', 'Unemployed', 'Laki-laki', 'Urban'),
('ON73702', 'Arizona', 'Employed', 'Perempuan', 'Urban'),
('ON77649', 'Oregon', 'Employed', 'Perempuan', 'Urban'),
('ON77827', 'Arizona', 'Medical Leave', 'Perempuan', 'Urban'),
('OO35641', 'Oregon', 'Employed', 'Perempuan', 'Urban'),
('OO63074', 'California', 'Medical Leave', 'Perempuan', 'Suburban'),
('OP26403', 'California', 'Employed', 'Perempuan', 'Suburban'),
('OQ90898', 'California', 'Employed', 'Laki-laki', 'Urban'),
('OR40060', 'Arizona', 'Employed', 'Laki-laki', 'Rural'),
('OR48881', 'Oregon', 'Employed', 'Perempuan', 'Rural'),
('OS39723', 'Oregon', 'Employed', 'Perempuan', 'Suburban'),
('OS46571', 'California', 'Unemployed', 'Laki-laki', 'Suburban'),
('OS75493', 'California', 'Employed', 'Perempuan', 'Suburban'),
('OS94884', 'Arizona', 'Employed', 'Perempuan', 'Rural'),
('OT47603', 'Oregon', 'Unemployed', 'Laki-laki', 'Suburban'),
('OT52034', 'California', 'Employed', 'Laki-laki', 'Suburban'),
('OU62604', 'Washington', 'Employed', 'Perempuan', 'Suburban'),
('OU79745', 'California', 'Unemployed', 'Laki-laki', 'Suburban'),
('OV50124', 'Oregon', 'Unemployed', 'Perempuan', 'Suburban'),
('OW85480', 'California', 'Medical Leave', 'Laki-laki', 'Suburban'),
('OX28638', 'Arizona', 'Employed', 'Laki-laki', 'Suburban'),
('OX36896', 'California', 'Employed', 'Laki-laki', 'Rural'),
('OX72195', 'Arizona', 'Unemployed', 'Laki-laki', 'Suburban'),
('OY38576', 'Oregon', 'Employed', 'Perempuan', 'Suburban'),
('OY44814', 'Arizona', 'Unemployed', 'Laki-laki', 'Suburban'),
('OY51402', 'Washington', 'Employed', 'Perempuan', 'Rural'),
('OY74069', 'Arizona', 'Unemployed', 'Perempuan', 'Suburban'),
('OY94707', 'California', 'Employed', 'Laki-laki', 'Suburban'),
('OY95739', 'Nevada', 'Medical Leave', 'Laki-laki', 'Suburban'),
('OZ92426', 'Oregon', 'Employed', 'Laki-laki', 'Urban'),
('OZ97704', 'California', 'Employed', 'Perempuan', 'Suburban'),
('PA16884', 'California', 'Employed', 'Perempuan', 'Suburban'),
('PA48777', 'Washington', 'Medical Leave', 'Perempuan', 'Suburban'),
('PB43222', 'Washington', 'Employed', 'Laki-laki', 'Suburban'),
('PB54378', 'Oregon', 'Medical Leave', 'Perempuan', 'Suburban'),
('PD32641', 'Oregon', 'Employed', 'Laki-laki', 'Urban'),
('PD33979', 'Oregon', 'Employed', 'Laki-laki', 'Suburban'),
('PD55753', 'Oregon', 'Unemployed', 'Laki-laki', 'Suburban'),
('PH77560', 'Nevada', 'Unemployed', 'Perempuan', 'Suburban'),
('PI47776', 'Oregon', 'Employed', 'Perempuan', 'Rural'),
('PI78084', 'Arizona', 'Unemployed', 'Laki-laki', 'Suburban'),
('PK28821', 'California', 'Employed', 'Laki-laki', 'Rural'),
('PM13394', 'Washington', 'Medical Leave', 'Perempuan', 'Urban'),
('PM19162', 'Oregon', 'Employed', 'Laki-laki', 'Suburban'),
('PM61374', 'California', 'Unemployed', 'Perempuan', 'Suburban'),
('PM76175', 'Oregon', 'Employed', 'Perempuan', 'Suburban'),
('PN18507', 'Arizona', 'Employed', 'Laki-laki', 'Suburban'),
('PN21042', 'Arizona', 'Employed', 'Laki-laki', 'Rural'),
('PN22481', 'Oregon', 'Unemployed', 'Laki-laki', 'Suburban'),
('PN86062', 'California', 'Medical Leave', 'Laki-laki', 'Suburban'),
('PN98247', 'California', 'Employed', 'Laki-laki', 'Suburban'),
('PO90615', 'Arizona', 'Medical Leave', 'Perempuan', 'Suburban'),
('PO98961', 'Washington', 'Medical Leave', 'Laki-laki', 'Suburban'),
('PP80817', 'California', 'Employed', 'Perempuan', 'Rural'),
('PQ13422', 'Nevada', 'Employed', 'Laki-laki', 'Suburban'),
('PR31642', 'Oregon', 'Employed', 'Perempuan', 'Suburban'),
('PR53785', 'Arizona', 'Unemployed', 'Perempuan', 'Suburban'),
('PS30217', 'California', 'Employed', 'Perempuan', 'Suburban'),
('PT32230', 'California', 'Employed', 'Perempuan', 'Rural'),
('PT64580', 'Washington', 'Employed', 'Laki-laki', 'Rural'),
('PU18983', 'Oregon', 'Employed', 'Perempuan', 'Suburban'),
('PU25891', 'Oregon', 'Employed', 'Perempuan', 'Rural'),
('PU41393', 'Nevada', 'Medical Leave', 'Laki-laki', 'Suburban'),
('PU41872', 'Arizona', 'Employed', 'Perempuan', 'Rural'),
('PU42145', 'California', 'Medical Leave', 'Laki-laki', 'Suburban'),
('PU85769', 'California', 'Unemployed', 'Laki-laki', 'Suburban'),
('PU98976', 'California', 'Unemployed', 'Perempuan', 'Suburban'),
('PV55726', 'Oregon', 'Employed', 'Perempuan', 'Suburban'),
('PW73754', 'California', 'Unemployed', 'Perempuan', 'Rural'),
('PX17116', 'Nevada', 'Unemployed', 'Laki-laki', 'Suburban'),
('PX44289', 'Arizona', 'Employed', 'Laki-laki', 'Suburban'),
('PX60116', 'California', 'Employed', 'Perempuan', 'Suburban'),
('PX70175', 'Arizona', 'Employed', 'Laki-laki', 'Suburban'),
('PX90263', 'Oregon', 'Unemployed', 'Laki-laki', 'Suburban'),
('PY10605', 'Arizona', 'Unemployed', 'Laki-laki', 'Suburban'),
('PY51000', 'California', 'Employed', 'Laki-laki', 'Urban'),
('PY51963', 'California', 'Employed', 'Perempuan', 'Suburban'),
('PZ47477', 'Arizona', 'Employed', 'Laki-laki', 'Suburban'),
('PZ89632', 'Oregon', 'Unemployed', 'Perempuan', 'Suburban'),
('PZ94551', 'Oregon', 'Employed', 'Perempuan', 'Suburban'),
('QA17596', 'California', 'Employed', 'Perempuan', 'Suburban'),
('QA41472', 'Oregon', 'Employed', 'Laki-laki', 'Urban'),
('QA41558', 'Oregon', 'Employed', 'Perempuan', 'Urban'),
('QA85890', 'Arizona', 'Unemployed', 'Perempuan', 'Suburban'),
('QA87025', 'Oregon', 'Employed', 'Perempuan', 'Urban'),
('QB47024', 'Washington', 'Employed', 'Perempuan', 'Suburban'),
('QB58745', 'California', 'Employed', 'Laki-laki', 'Urban'),
('QC55306', 'Washington', 'Employed', 'Laki-laki', 'Urban'),
('QC87108', 'Oregon', 'Employed', 'Perempuan', 'Suburban'),
('QC89139', 'Oregon', 'Employed', 'Perempuan', 'Suburban'),
('QD31377', 'California', 'Employed', 'Laki-laki', 'Suburban'),
('QD38160', 'Oregon', 'Unemployed', 'Laki-laki', 'Suburban'),
('QD73891', 'Oregon', 'Employed', 'Laki-laki', 'Suburban'),
('QE12539', 'California', 'Employed', 'Laki-laki', 'Suburban'),
('QE22757', 'Nevada', 'Employed', 'Laki-laki', 'Rural'),
('QF59448', 'Washington', 'Retired', 'Laki-laki', 'Suburban'),
('QG15435', 'Arizona', 'Employed', 'Perempuan', 'Rural'),
('QG15661', 'Oregon', 'Employed', 'Laki-laki', 'Rural'),
('QG25316', 'Nevada', 'Unemployed', 'Perempuan', 'Suburban'),
('QG45324', 'Oregon', 'Unemployed', 'Perempuan', 'Suburban'),
('QG51953', 'Oregon', 'Employed', 'Laki-laki', 'Suburban'),
('QH19450', 'California', 'Unemployed', 'Perempuan', 'Suburban'),
('QH48047', 'Oregon', 'Retired', 'Laki-laki', 'Suburban'),
('QJ40732', 'Arizona', 'Employed', 'Laki-laki', 'Suburban'),
('QK18099', 'Washington', 'Employed', 'Perempuan', 'Suburban'),
('QK31192', 'Arizona', 'Unemployed', 'Laki-laki', 'Suburban'),
('QK46697', 'Washington', 'Employed', 'Laki-laki', 'Rural'),
('QL59704', 'Arizona', 'Employed', 'Perempuan', 'Urban'),
('QL77686', 'Nevada', 'Employed', 'Perempuan', 'Urban'),
('QL93655', 'Oregon', 'Employed', 'Perempuan', 'Urban'),
('QM38267', 'Arizona', 'Employed', 'Perempuan', 'Suburban'),
('QM74621', 'Oregon', 'Unemployed', 'Laki-laki', 'Suburban'),
('QN10888', 'Oregon', 'Employed', 'Perempuan', 'Rural'),
('QN15356', 'Arizona', 'Unemployed', 'Laki-laki', 'Suburban'),
('QN44699', 'Oregon', 'Employed', 'Perempuan', 'Suburban'),
('QN62502', 'Oregon', 'Employed', 'Perempuan', 'Rural'),
('QO65264', 'California', 'Employed', 'Laki-laki', 'Rural'),
('QO79771', 'California', 'Employed', 'Perempuan', 'Rural'),
('QO86948', 'Nevada', 'Unemployed', 'Laki-laki', 'Suburban'),
('QP56563', 'Oregon', 'Employed', 'Laki-laki', 'Rural'),
('QP80741', 'Washington', 'Unemployed', 'Perempuan', 'Suburban'),
('QP84605', 'Washington', 'Employed', 'Perempuan', 'Rural');
INSERT INTO `nasabah` (`kodenasabah`, `alamat`, `statuspekerjaan`, `jeniskelamin`, `kodelokasi`) VALUES
('QQ89253', 'Oregon', 'Unemployed', 'Perempuan', 'Suburban'),
('QQ90441', 'Nevada', 'Employed', 'Perempuan', 'Suburban'),
('QR15221', 'Washington', 'Employed', 'Perempuan', 'Suburban'),
('QR15857', 'California', 'Unemployed', 'Perempuan', 'Suburban'),
('QR87004', 'Nevada', 'Employed', 'Perempuan', 'Rural'),
('QT25383', 'Nevada', 'Employed', 'Laki-laki', 'Suburban'),
('QT89604', 'Arizona', 'Employed', 'Perempuan', 'Rural'),
('QV19964', 'Oregon', 'Employed', 'Laki-laki', 'Urban'),
('QV59143', 'Washington', 'Unemployed', 'Perempuan', 'Suburban'),
('QW33258', 'California', 'Employed', 'Laki-laki', 'Suburban'),
('QW47320', 'California', 'Retired', 'Perempuan', 'Suburban'),
('QW67581', 'Arizona', 'Unemployed', 'Perempuan', 'Suburban'),
('QW87316', 'Oregon', 'Employed', 'Perempuan', 'Urban'),
('QY74517', 'Oregon', 'Unemployed', 'Perempuan', 'Suburban'),
('QZ17137', 'Arizona', 'Employed', 'Perempuan', 'Rural'),
('QZ42725', 'Washington', 'Unemployed', 'Perempuan', 'Suburban'),
('QZ81258', 'Oregon', 'Unemployed', 'Perempuan', 'Suburban'),
('RA66180', 'Washington', 'Employed', 'Perempuan', 'Urban'),
('RA68844', 'Oregon', 'Unemployed', 'Laki-laki', 'Suburban'),
('RA70851', 'Oregon', 'Employed', 'Laki-laki', 'Suburban'),
('RA88421', 'Oregon', 'Employed', 'Perempuan', 'Suburban'),
('RA93608', 'Oregon', 'Employed', 'Laki-laki', 'Suburban'),
('RB28630', 'Oregon', 'Employed', 'Perempuan', 'Suburban'),
('RB34917', 'Arizona', 'Unemployed', 'Perempuan', 'Suburban'),
('RB38792', 'Oregon', 'Employed', 'Laki-laki', 'Rural'),
('RB81636', 'Washington', 'Unemployed', 'Perempuan', 'Suburban'),
('RC95515', 'Arizona', 'Medical Leave', 'Laki-laki', 'Urban'),
('RD62882', 'Arizona', 'Unemployed', 'Perempuan', 'Suburban'),
('RE46783', 'California', 'Employed', 'Perempuan', 'Suburban'),
('RE81445', 'Oregon', 'Employed', 'Perempuan', 'Rural'),
('RF44930', 'California', 'Employed', 'Laki-laki', 'Rural'),
('RF61565', 'California', 'Employed', 'Laki-laki', 'Suburban'),
('RG30482', 'Oregon', 'Unemployed', 'Perempuan', 'Suburban'),
('RH42306', 'Arizona', 'Unemployed', 'Perempuan', 'Suburban'),
('RI24911', 'Arizona', 'Employed', 'Laki-laki', 'Urban'),
('RI53167', 'Arizona', 'Medical Leave', 'Laki-laki', 'Suburban'),
('RI78966', 'Oregon', 'Medical Leave', 'Laki-laki', 'Suburban'),
('RJ79502', 'Arizona', 'Employed', 'Laki-laki', 'Urban'),
('RJ85627', 'Washington', 'Employed', 'Perempuan', 'Urban'),
('RJ99408', 'California', 'Employed', 'Laki-laki', 'Suburban'),
('RK24470', 'Washington', 'Employed', 'Laki-laki', 'Urban'),
('RK96223', 'California', 'Employed', 'Laki-laki', 'Suburban'),
('RM24280', 'Oregon', 'Unemployed', 'Perempuan', 'Suburban'),
('RM41745', 'California', 'Unemployed', 'Perempuan', 'Suburban'),
('RM42344', 'Oregon', 'Employed', 'Laki-laki', 'Suburban'),
('RN78170', 'Arizona', 'Employed', 'Perempuan', 'Suburban'),
('RN97635', 'Arizona', 'Employed', 'Laki-laki', 'Suburban'),
('RO26085', 'California', 'Unemployed', 'Perempuan', 'Suburban'),
('RP19541', 'Arizona', 'Employed', 'Laki-laki', 'Urban'),
('RP30093', 'Oregon', 'Employed', 'Perempuan', 'Suburban'),
('RQ11502', 'Nevada', 'Retired', 'Perempuan', 'Suburban'),
('RQ19236', 'Arizona', 'Employed', 'Laki-laki', 'Urban'),
('RR77985', 'Oregon', 'Unemployed', 'Perempuan', 'Suburban'),
('RS24501', 'Oregon', 'Employed', 'Perempuan', 'Suburban'),
('RT65829', 'Oregon', 'Employed', 'Laki-laki', 'Suburban'),
('RU49126', 'Washington', 'Employed', 'Perempuan', 'Rural'),
('RU50098', 'Arizona', 'Employed', 'Perempuan', 'Rural'),
('RV15398', 'Oregon', 'Unemployed', 'Laki-laki', 'Suburban'),
('RV67546', 'California', 'Employed', 'Laki-laki', 'Rural'),
('RV98763', 'Oregon', 'Employed', 'Laki-laki', 'Urban'),
('RW65101', 'California', 'Unemployed', 'Perempuan', 'Suburban'),
('RX12347', 'Nevada', 'Employed', 'Laki-laki', 'Suburban'),
('RX13282', 'Oregon', 'Retired', 'Laki-laki', 'Suburban'),
('RX24650', 'Oregon', 'Retired', 'Laki-laki', 'Suburban'),
('RY92254', 'Washington', 'Employed', 'Laki-laki', 'Suburban'),
('RY92647', 'California', 'Unemployed', 'Perempuan', 'Suburban'),
('RZ13254', 'Nevada', 'Unemployed', 'Perempuan', 'Suburban'),
('RZ24101', 'Nevada', 'Medical Leave', 'Perempuan', 'Suburban'),
('RZ27571', 'Washington', 'Employed', 'Perempuan', 'Suburban'),
('SA50567', 'Nevada', 'Employed', 'Laki-laki', 'Suburban'),
('SA91515', 'California', 'Unemployed', 'Laki-laki', 'Suburban'),
('SB18278', 'Oregon', 'Unemployed', 'Laki-laki', 'Suburban'),
('SB79528', 'Oregon', 'Unemployed', 'Laki-laki', 'Suburban'),
('SB99002', 'Oregon', 'Employed', 'Perempuan', 'Rural'),
('SC66359', 'Arizona', 'Employed', 'Perempuan', 'Rural'),
('SC93784', 'Oregon', 'Employed', 'Laki-laki', 'Rural'),
('SC95565', 'Nevada', 'Employed', 'Perempuan', 'Urban'),
('SD62061', 'Oregon', 'Employed', 'Perempuan', 'Suburban'),
('SD64087', 'California', 'Employed', 'Laki-laki', 'Suburban'),
('SE28250', 'Arizona', 'Unemployed', 'Laki-laki', 'Suburban'),
('SF29724', 'California', 'Employed', 'Perempuan', 'Rural'),
('SF32458', 'California', 'Medical Leave', 'Laki-laki', 'Urban'),
('SF57173', 'Oregon', 'Employed', 'Laki-laki', 'Suburban'),
('SG20925', 'Washington', 'Employed', 'Perempuan', 'Rural'),
('SG32258', 'Arizona', 'Medical Leave', 'Perempuan', 'Rural'),
('SG81493', 'Arizona', 'Employed', 'Laki-laki', 'Rural'),
('SH36774', 'California', 'Employed', 'Laki-laki', 'Suburban'),
('SH51981', 'Washington', 'Employed', 'Laki-laki', 'Suburban'),
('SH55671', 'Arizona', 'Unemployed', 'Perempuan', 'Suburban'),
('SH74080', 'Oregon', 'Retired', 'Perempuan', 'Suburban'),
('SH90947', 'Arizona', 'Unemployed', 'Perempuan', 'Suburban'),
('SI11249', 'California', 'Employed', 'Perempuan', 'Suburban'),
('SI26888', 'Nevada', 'Unemployed', 'Perempuan', 'Suburban'),
('SI31236', 'Oregon', 'Employed', 'Laki-laki', 'Suburban'),
('SI78985', 'Oregon', 'Employed', 'Perempuan', 'Rural'),
('SJ74501', 'Arizona', 'Employed', 'Perempuan', 'Urban'),
('SJ95423', 'Arizona', 'Employed', 'Laki-laki', 'Suburban'),
('SK55033', 'California', 'Employed', 'Perempuan', 'Suburban'),
('SK67821', 'Oregon', 'Employed', 'Perempuan', 'Rural'),
('SK97780', 'California', 'Medical Leave', 'Perempuan', 'Urban'),
('SL50592', 'California', 'Unemployed', 'Perempuan', 'Suburban'),
('SM52139', 'Washington', 'Employed', 'Laki-laki', 'Suburban'),
('SN16059', 'California', 'Employed', 'Perempuan', 'Suburban'),
('SN23932', 'Arizona', 'Employed', 'Laki-laki', 'Urban'),
('SN41301', 'Oregon', 'Unemployed', 'Laki-laki', 'Suburban'),
('SP58110', 'California', 'Employed', 'Perempuan', 'Suburban'),
('SR30440', 'California', 'Employed', 'Perempuan', 'Suburban'),
('SR38658', 'Arizona', 'Employed', 'Laki-laki', 'Suburban'),
('SS48498', 'Washington', 'Employed', 'Perempuan', 'Rural'),
('SS59521', 'Oregon', 'Unemployed', 'Perempuan', 'Suburban'),
('ST27958', 'Washington', 'Retired', 'Laki-laki', 'Suburban'),
('ST96866', 'Washington', 'Unemployed', 'Laki-laki', 'Suburban'),
('SU56153', 'Nevada', 'Employed', 'Laki-laki', 'Suburban'),
('SU71163', 'Arizona', 'Employed', 'Laki-laki', 'Suburban'),
('SV34223', 'California', 'Employed', 'Perempuan', 'Suburban'),
('SV38190', 'Nevada', 'Employed', 'Perempuan', 'Suburban'),
('SV50502', 'Oregon', 'Employed', 'Perempuan', 'Suburban'),
('SW19699', 'Arizona', 'Employed', 'Perempuan', 'Rural'),
('SW31412', 'Oregon', 'Employed', 'Perempuan', 'Suburban'),
('SW57539', 'California', 'Unemployed', 'Perempuan', 'Suburban'),
('SW79912', 'Oregon', 'Employed', 'Laki-laki', 'Suburban'),
('SW96063', 'Arizona', 'Employed', 'Perempuan', 'Urban'),
('SX26335', 'Oregon', 'Employed', 'Perempuan', 'Urban'),
('SX50964', 'Arizona', 'Employed', 'Perempuan', 'Urban'),
('SX65826', 'Arizona', 'Employed', 'Laki-laki', 'Suburban'),
('SZ16483', 'Arizona', 'Employed', 'Perempuan', 'Suburban'),
('SZ70655', 'California', 'Unemployed', 'Perempuan', 'Suburban'),
('TA34903', 'Oregon', 'Employed', 'Laki-laki', 'Urban'),
('TA58285', 'Oregon', 'Unemployed', 'Laki-laki', 'Suburban'),
('TA66375', 'Oregon', 'Employed', 'Perempuan', 'Suburban'),
('TA75663', 'California', 'Employed', 'Perempuan', 'Rural'),
('TA82973', 'Oregon', 'Employed', 'Perempuan', 'Rural'),
('TA89713', 'Oregon', 'Employed', 'Laki-laki', 'Rural'),
('TC14209', 'Arizona', 'Unemployed', 'Perempuan', 'Suburban'),
('TC44716', 'California', 'Retired', 'Laki-laki', 'Suburban'),
('TC78849', 'Oregon', 'Employed', 'Laki-laki', 'Rural'),
('TC84427', 'Oregon', 'Employed', 'Perempuan', 'Urban'),
('TC88986', 'Oregon', 'Unemployed', 'Laki-laki', 'Suburban'),
('TD10493', 'Oregon', 'Unemployed', 'Perempuan', 'Suburban'),
('TD20252', 'Arizona', 'Employed', 'Laki-laki', 'Suburban'),
('TE13577', 'Oregon', 'Unemployed', 'Perempuan', 'Suburban'),
('TE34064', 'California', 'Unemployed', 'Laki-laki', 'Suburban'),
('TE35785', 'California', 'Unemployed', 'Laki-laki', 'Suburban'),
('TE61015', 'Oregon', 'Unemployed', 'Laki-laki', 'Suburban'),
('TG68823', 'Arizona', 'Employed', 'Perempuan', 'Suburban'),
('TH68362', 'California', 'Unemployed', 'Perempuan', 'Suburban'),
('TH84309', 'California', 'Unemployed', 'Laki-laki', 'Suburban'),
('TH95618', 'California', 'Unemployed', 'Perempuan', 'Suburban'),
('TI47802', 'California', 'Unemployed', 'Perempuan', 'Suburban'),
('TI92884', 'Arizona', 'Employed', 'Laki-laki', 'Suburban'),
('TJ20375', 'Arizona', 'Employed', 'Perempuan', 'Suburban'),
('TJ30354', 'Oregon', 'Employed', 'Perempuan', 'Suburban'),
('TJ48439', 'Oregon', 'Unemployed', 'Perempuan', 'Suburban'),
('TJ76363', 'Arizona', 'Employed', 'Perempuan', 'Rural'),
('TK30357', 'California', 'Employed', 'Perempuan', 'Rural'),
('TK40018', 'Oregon', 'Unemployed', 'Laki-laki', 'Suburban'),
('TK60799', 'Arizona', 'Employed', 'Perempuan', 'Rural'),
('TL77607', 'California', 'Employed', 'Laki-laki', 'Urban'),
('TM14491', 'California', 'Employed', 'Laki-laki', 'Suburban'),
('TM23514', 'Oregon', 'Employed', 'Laki-laki', 'Urban'),
('TM65736', 'Oregon', 'Employed', 'Laki-laki', 'Urban'),
('TM98684', 'Oregon', 'Employed', 'Laki-laki', 'Suburban'),
('TN50051', 'California', 'Employed', 'Perempuan', 'Urban'),
('TN79487', 'California', 'Retired', 'Laki-laki', 'Suburban'),
('TO34442', 'Washington', 'Employed', 'Laki-laki', 'Suburban'),
('TO96662', 'Oregon', 'Employed', 'Perempuan', 'Rural'),
('TP15362', 'Oregon', 'Employed', 'Laki-laki', 'Suburban'),
('TP41703', 'Washington', 'Unemployed', 'Laki-laki', 'Suburban'),
('TP51897', 'California', 'Employed', 'Perempuan', 'Suburban'),
('TP87527', 'California', 'Unemployed', 'Perempuan', 'Suburban'),
('TQ13499', 'Arizona', 'Employed', 'Laki-laki', 'Suburban'),
('TR67616', 'Oregon', 'Employed', 'Laki-laki', 'Rural'),
('TR81766', 'California', 'Employed', 'Perempuan', 'Rural'),
('TR85083', 'California', 'Employed', 'Laki-laki', 'Suburban'),
('TR88637', 'Arizona', 'Employed', 'Perempuan', 'Rural'),
('TS11219', 'California', 'Unemployed', 'Laki-laki', 'Suburban'),
('TS53809', 'Oregon', 'Unemployed', 'Laki-laki', 'Suburban'),
('TT82373', 'California', 'Employed', 'Perempuan', 'Suburban'),
('TU92578', 'California', 'Employed', 'Laki-laki', 'Suburban'),
('TV25678', 'Washington', 'Unemployed', 'Laki-laki', 'Suburban'),
('TV82603', 'California', 'Employed', 'Perempuan', 'Urban'),
('TW43626', 'California', 'Employed', 'Laki-laki', 'Suburban'),
('TW64385', 'California', 'Employed', 'Laki-laki', 'Suburban'),
('TW91179', 'Oregon', 'Employed', 'Perempuan', 'Urban'),
('TX17484', 'California', 'Employed', 'Perempuan', 'Rural'),
('TX28465', 'Nevada', 'Employed', 'Laki-laki', 'Rural'),
('TX39594', 'Arizona', 'Employed', 'Perempuan', 'Suburban'),
('TX98128', 'California', 'Unemployed', 'Perempuan', 'Suburban'),
('TY26512', 'California', 'Employed', 'Laki-laki', 'Rural'),
('TY74870', 'California', 'Medical Leave', 'Perempuan', 'Rural'),
('UA19178', 'Oregon', 'Employed', 'Perempuan', 'Urban'),
('UA51318', 'Arizona', 'Employed', 'Perempuan', 'Suburban'),
('UA84837', 'Arizona', 'Employed', 'Laki-laki', 'Suburban'),
('UA94723', 'Oregon', 'Employed', 'Perempuan', 'Urban'),
('UC33108', 'California', 'Employed', 'Laki-laki', 'Suburban'),
('UC84059', 'California', 'Employed', 'Perempuan', 'Urban'),
('UC88305', 'Arizona', 'Employed', 'Perempuan', 'Rural'),
('UD27196', 'Arizona', 'Employed', 'Laki-laki', 'Suburban'),
('UD47050', 'Oregon', 'Employed', 'Laki-laki', 'Suburban'),
('UF33451', 'Oregon', 'Employed', 'Perempuan', 'Urban'),
('UF37831', 'Arizona', 'Employed', 'Laki-laki', 'Urban'),
('UF46533', 'California', 'Employed', 'Perempuan', 'Suburban'),
('UF88986', 'Washington', 'Employed', 'Perempuan', 'Suburban'),
('UG34438', 'Washington', 'Employed', 'Perempuan', 'Rural'),
('UG93476', 'California', 'Unemployed', 'Perempuan', 'Suburban'),
('UH35128', 'Oregon', 'Employed', 'Perempuan', 'Suburban'),
('UH45301', 'Oregon', 'Employed', 'Laki-laki', 'Urban'),
('UH65059', 'Arizona', 'Employed', 'Laki-laki', 'Suburban'),
('UI55951', 'California', 'Employed', 'Laki-laki', 'Suburban'),
('UI64281', 'Nevada', 'Medical Leave', 'Perempuan', 'Rural'),
('UI73201', 'California', 'Employed', 'Laki-laki', 'Suburban'),
('UJ79253', 'Oregon', 'Employed', 'Perempuan', 'Rural'),
('UK25655', 'Oregon', 'Employed', 'Perempuan', 'Rural'),
('UK41984', 'Arizona', 'Unemployed', 'Perempuan', 'Suburban'),
('UK52289', 'Arizona', 'Employed', 'Perempuan', 'Urban'),
('UK59698', 'California', 'Unemployed', 'Perempuan', 'Suburban'),
('UK68427', 'Washington', 'Employed', 'Laki-laki', 'Suburban'),
('UK70255', 'California', 'Employed', 'Perempuan', 'Rural'),
('UK76891', 'California', 'Employed', 'Perempuan', 'Suburban'),
('UM45563', 'Washington', 'Employed', 'Laki-laki', 'Rural'),
('UM69933', 'Nevada', 'Employed', 'Laki-laki', 'Suburban'),
('UM76485', 'Oregon', 'Unemployed', 'Laki-laki', 'Suburban'),
('UN37063', 'Arizona', 'Medical Leave', 'Laki-laki', 'Urban'),
('UN97379', 'Oregon', 'Retired', 'Laki-laki', 'Suburban'),
('UO86707', 'Washington', 'Employed', 'Laki-laki', 'Rural'),
('UO98052', 'Nevada', 'Unemployed', 'Laki-laki', 'Urban'),
('UP29839', 'Nevada', 'Employed', 'Perempuan', 'Suburban'),
('UP71482', 'Arizona', 'Unemployed', 'Laki-laki', 'Suburban'),
('UP97629', 'California', 'Unemployed', 'Perempuan', 'Urban'),
('UQ30615', 'California', 'Employed', 'Laki-laki', 'Urban'),
('UQ63396', 'California', 'Employed', 'Perempuan', 'Rural'),
('UQ85283', 'California', 'Employed', 'Laki-laki', 'Rural'),
('UQ87917', 'Oregon', 'Employed', 'Laki-laki', 'Urban'),
('US45383', 'California', 'Employed', 'Laki-laki', 'Suburban'),
('US85318', 'Oregon', 'Employed', 'Perempuan', 'Urban'),
('UT38865', 'Oregon', 'Employed', 'Perempuan', 'Urban'),
('UT73461', 'Oregon', 'Employed', 'Perempuan', 'Rural'),
('UU98729', 'California', 'Unemployed', 'Laki-laki', 'Suburban'),
('UV12583', 'California', 'Employed', 'Perempuan', 'Suburban'),
('UV54502', 'Washington', 'Unemployed', 'Perempuan', 'Suburban'),
('UV80201', 'Oregon', 'Unemployed', 'Perempuan', 'Suburban'),
('UW32074', 'Oregon', 'Unemployed', 'Perempuan', 'Suburban'),
('UW37050', 'Oregon', 'Employed', 'Perempuan', 'Urban'),
('UW98698', 'California', 'Unemployed', 'Laki-laki', 'Suburban'),
('UX38930', 'Arizona', 'Employed', 'Perempuan', 'Urban'),
('UX71137', 'Washington', 'Employed', 'Perempuan', 'Urban'),
('UX92071', 'Oregon', 'Unemployed', 'Laki-laki', 'Suburban'),
('UY18770', 'California', 'Retired', 'Perempuan', 'Suburban'),
('UY45293', 'Oregon', 'Employed', 'Laki-laki', 'Suburban'),
('VA30351', 'Oregon', 'Employed', 'Perempuan', 'Suburban'),
('VB87946', 'California', 'Employed', 'Laki-laki', 'Urban'),
('VC22097', 'Washington', 'Unemployed', 'Perempuan', 'Suburban'),
('VC34764', 'California', 'Retired', 'Laki-laki', 'Suburban'),
('VC54081', 'Oregon', 'Unemployed', 'Perempuan', 'Rural'),
('VC68509', 'Oregon', 'Employed', 'Perempuan', 'Rural'),
('VC77127', 'California', 'Unemployed', 'Perempuan', 'Suburban'),
('VC83809', 'California', 'Employed', 'Laki-laki', 'Rural'),
('VC87846', 'Oregon', 'Employed', 'Laki-laki', 'Suburban'),
('VD27065', 'Washington', 'Employed', 'Laki-laki', 'Suburban'),
('VE31507', 'Oregon', 'Unemployed', 'Perempuan', 'Suburban'),
('VE55982', 'Nevada', 'Employed', 'Laki-laki', 'Suburban'),
('VE89726', 'California', 'Unemployed', 'Perempuan', 'Suburban'),
('VF21395', 'Oregon', 'Employed', 'Laki-laki', 'Suburban'),
('VG56765', 'Arizona', 'Employed', 'Laki-laki', 'Rural'),
('VG57728', 'California', 'Employed', 'Laki-laki', 'Rural'),
('VH31965', 'Washington', 'Employed', 'Laki-laki', 'Suburban'),
('VH43367', 'California', 'Employed', 'Perempuan', 'Suburban'),
('VH45094', 'Arizona', 'Employed', 'Laki-laki', 'Urban'),
('VH62084', 'California', 'Unemployed', 'Laki-laki', 'Suburban'),
('VJ44100', 'California', 'Employed', 'Laki-laki', 'Urban'),
('VJ51327', 'California', 'Employed', 'Perempuan', 'Rural'),
('VK48036', 'Oregon', 'Employed', 'Perempuan', 'Suburban'),
('VL34577', 'Oregon', 'Unemployed', 'Perempuan', 'Suburban'),
('VL80291', 'Nevada', 'Employed', 'Perempuan', 'Rural'),
('VL84149', 'Oregon', 'Employed', 'Perempuan', 'Suburban'),
('VM13430', 'Oregon', 'Employed', 'Perempuan', 'Urban'),
('VM84548', 'Washington', 'Employed', 'Laki-laki', 'Suburban'),
('VM85555', 'California', 'Employed', 'Perempuan', 'Rural'),
('VM85856', 'Oregon', 'Employed', 'Perempuan', 'Rural'),
('VM92311', 'Arizona', 'Employed', 'Perempuan', 'Suburban'),
('VO26340', 'Nevada', 'Unemployed', 'Laki-laki', 'Suburban'),
('VO38365', 'Washington', 'Employed', 'Perempuan', 'Rural'),
('VO78441', 'Washington', 'Medical Leave', 'Perempuan', 'Suburban'),
('VO87785', 'Arizona', 'Employed', 'Perempuan', 'Suburban'),
('VP57424', 'Nevada', 'Employed', 'Perempuan', 'Urban'),
('VQ38776', 'Oregon', 'Unemployed', 'Perempuan', 'Suburban'),
('VQ65197', 'California', 'Unemployed', 'Perempuan', 'Suburban'),
('VT63298', 'Oregon', 'Unemployed', 'Laki-laki', 'Suburban'),
('VT78274', 'Arizona', 'Unemployed', 'Laki-laki', 'Suburban'),
('VT96364', 'California', 'Employed', 'Laki-laki', 'Rural'),
('VU32116', 'Oregon', 'Unemployed', 'Perempuan', 'Suburban'),
('VU53417', 'Arizona', 'Medical Leave', 'Laki-laki', 'Suburban'),
('VV77534', 'Oregon', 'Employed', 'Laki-laki', 'Urban'),
('VW27730', 'California', 'Employed', 'Perempuan', 'Rural'),
('VW46878', 'Oregon', 'Employed', 'Perempuan', 'Suburban'),
('VW82067', 'Washington', 'Employed', 'Perempuan', 'Suburban'),
('VX39856', 'Arizona', 'Employed', 'Perempuan', 'Rural'),
('VY19543', 'California', 'Unemployed', 'Perempuan', 'Urban'),
('VY79030', 'Arizona', 'Unemployed', 'Perempuan', 'Suburban'),
('VZ79886', 'Oregon', 'Employed', 'Perempuan', 'Suburban'),
('WA15684', 'Oregon', 'Employed', 'Laki-laki', 'Suburban'),
('WA25797', 'Washington', 'Employed', 'Laki-laki', 'Rural'),
('WA97671', 'Arizona', 'Unemployed', 'Laki-laki', 'Suburban'),
('WB12017', 'California', 'Employed', 'Perempuan', 'Suburban'),
('WB38524', 'California', 'Employed', 'Laki-laki', 'Suburban'),
('WB58031', 'California', 'Employed', 'Laki-laki', 'Suburban'),
('WC35554', 'Oregon', 'Employed', 'Laki-laki', 'Urban'),
('WD48852', 'Oregon', 'Unemployed', 'Perempuan', 'Suburban'),
('WE68644', 'Oregon', 'Medical Leave', 'Perempuan', 'Suburban'),
('WE95729', 'Oregon', 'Employed', 'Laki-laki', 'Suburban'),
('WF73839', 'Arizona', 'Employed', 'Perempuan', 'Urban'),
('WH32183', 'California', 'Employed', 'Laki-laki', 'Rural'),
('WH52799', 'Arizona', 'Employed', 'Perempuan', 'Suburban'),
('WH81461', 'Nevada', 'Unemployed', 'Laki-laki', 'Suburban'),
('WH82416', 'Oregon', 'Employed', 'Laki-laki', 'Urban'),
('WI69346', 'California', 'Employed', 'Perempuan', 'Urban'),
('WJ44028', 'California', 'Employed', 'Laki-laki', 'Suburban'),
('WJ52097', 'Oregon', 'Employed', 'Perempuan', 'Suburban'),
('WJ74851', 'Nevada', 'Employed', 'Perempuan', 'Suburban'),
('WK23685', 'Oregon', 'Employed', 'Perempuan', 'Rural'),
('WK88044', 'Arizona', 'Employed', 'Laki-laki', 'Rural'),
('WK99918', 'Oregon', 'Employed', 'Laki-laki', 'Suburban'),
('WL65572', 'California', 'Unemployed', 'Laki-laki', 'Suburban'),
('WL99637', 'Arizona', 'Employed', 'Laki-laki', 'Suburban'),
('WM65373', 'California', 'Unemployed', 'Perempuan', 'Suburban'),
('WO78310', 'Oregon', 'Unemployed', 'Perempuan', 'Suburban'),
('WO90953', 'Oregon', 'Employed', 'Perempuan', 'Suburban'),
('WO94087', 'Arizona', 'Unemployed', 'Perempuan', 'Suburban'),
('WO95180', 'California', 'Retired', 'Perempuan', 'Suburban'),
('WP41146', 'California', 'Unemployed', 'Perempuan', 'Suburban'),
('WP58340', 'Arizona', 'Employed', 'Laki-laki', 'Suburban'),
('WR62597', 'Oregon', 'Medical Leave', 'Laki-laki', 'Suburban'),
('WR63188', 'Arizona', 'Employed', 'Laki-laki', 'Suburban'),
('WS57286', 'Arizona', 'Unemployed', 'Laki-laki', 'Rural'),
('WS82822', 'Oregon', 'Employed', 'Perempuan', 'Urban'),
('WT22392', 'Oregon', 'Employed', 'Perempuan', 'Urban'),
('WT43034', 'California', 'Unemployed', 'Perempuan', 'Suburban'),
('WT71621', 'Washington', 'Employed', 'Perempuan', 'Urban'),
('WU14549', 'Nevada', 'Employed', 'Laki-laki', 'Suburban'),
('WU60905', 'California', 'Unemployed', 'Perempuan', 'Suburban'),
('WV17090', 'California', 'Unemployed', 'Laki-laki', 'Suburban'),
('WV66165', 'Oregon', 'Employed', 'Perempuan', 'Rural'),
('WV69362', 'Arizona', 'Unemployed', 'Perempuan', 'Suburban'),
('WV76014', 'Arizona', 'Employed', 'Laki-laki', 'Rural'),
('WV79842', 'California', 'Employed', 'Laki-laki', 'Suburban'),
('WW30771', 'Arizona', 'Employed', 'Laki-laki', 'Suburban'),
('WX33904', 'Arizona', 'Unemployed', 'Laki-laki', 'Suburban'),
('WY57101', 'Arizona', 'Employed', 'Perempuan', 'Suburban'),
('WY97929', 'Arizona', 'Employed', 'Laki-laki', 'Suburban'),
('WZ31900', 'Oregon', 'Employed', 'Perempuan', 'Rural'),
('WZ40465', 'Washington', 'Employed', 'Perempuan', 'Rural'),
('WZ53904', 'Arizona', 'Employed', 'Laki-laki', 'Rural'),
('XA32915', 'Nevada', 'Unemployed', 'Laki-laki', 'Suburban'),
('XA55993', 'Oregon', 'Employed', 'Perempuan', 'Rural'),
('XB17553', 'Nevada', 'Employed', 'Laki-laki', 'Rural'),
('XC15133', 'Nevada', 'Employed', 'Perempuan', 'Rural'),
('XC16387', 'Arizona', 'Employed', 'Perempuan', 'Rural'),
('XC67861', 'Arizona', 'Employed', 'Perempuan', 'Suburban'),
('XD19546', 'California', 'Unemployed', 'Perempuan', 'Suburban'),
('XD21246', 'Oregon', 'Unemployed', 'Perempuan', 'Suburban'),
('XD66024', 'Arizona', 'Unemployed', 'Perempuan', 'Suburban'),
('XD85577', 'California', 'Employed', 'Laki-laki', 'Rural'),
('XE66367', 'Oregon', 'Employed', 'Laki-laki', 'Rural'),
('XF57481', 'Washington', 'Employed', 'Laki-laki', 'Rural'),
('XG44587', 'Arizona', 'Employed', 'Laki-laki', 'Rural'),
('XH85336', 'Washington', 'Employed', 'Laki-laki', 'Suburban'),
('XH97711', 'California', 'Employed', 'Laki-laki', 'Urban'),
('XI41052', 'California', 'Employed', 'Perempuan', 'Suburban'),
('XI41106', 'Arizona', 'Employed', 'Laki-laki', 'Urban'),
('XJ96748', 'Arizona', 'Employed', 'Perempuan', 'Suburban'),
('XK15687', 'Oregon', 'Employed', 'Perempuan', 'Rural'),
('XK61304', 'California', 'Medical Leave', 'Perempuan', 'Suburban'),
('XK64261', 'Oregon', 'Employed', 'Laki-laki', 'Rural'),
('XM39121', 'Arizona', 'Unemployed', 'Perempuan', 'Suburban'),
('XM45289', 'Oregon', 'Employed', 'Perempuan', 'Suburban'),
('XM72420', 'Arizona', 'Employed', 'Perempuan', 'Suburban'),
('XM91635', 'Arizona', 'Medical Leave', 'Perempuan', 'Urban'),
('XN11823', 'Nevada', 'Employed', 'Perempuan', 'Suburban'),
('XN41715', 'California', 'Employed', 'Perempuan', 'Urban'),
('XO22038', 'California', 'Employed', 'Perempuan', 'Urban'),
('XO36233', 'Washington', 'Employed', 'Laki-laki', 'Rural'),
('XO42145', 'Oregon', 'Employed', 'Laki-laki', 'Suburban'),
('XP11075', 'Arizona', 'Unemployed', 'Laki-laki', 'Suburban'),
('XP16538', 'Arizona', 'Employed', 'Perempuan', 'Urban'),
('XP47431', 'Arizona', 'Employed', 'Perempuan', 'Suburban'),
('XP64922', 'Oregon', 'Employed', 'Perempuan', 'Rural'),
('XQ19793', 'Arizona', 'Retired', 'Laki-laki', 'Suburban'),
('XR64251', 'Nevada', 'Employed', 'Perempuan', 'Rural'),
('XR70252', 'California', 'Unemployed', 'Perempuan', 'Suburban'),
('XR87264', 'California', 'Employed', 'Perempuan', 'Suburban'),
('XS12556', 'California', 'Unemployed', 'Perempuan', 'Suburban'),
('XS22323', 'Arizona', 'Employed', 'Laki-laki', 'Suburban'),
('XT36360', 'Arizona', 'Unemployed', 'Perempuan', 'Suburban'),
('XT93203', 'California', 'Employed', 'Laki-laki', 'Suburban'),
('XV21647', 'California', 'Unemployed', 'Perempuan', 'Suburban'),
('XV22744', 'Oregon', 'Employed', 'Perempuan', 'Rural'),
('XV83643', 'California', 'Employed', 'Laki-laki', 'Suburban'),
('XV84099', 'Arizona', 'Unemployed', 'Perempuan', 'Suburban'),
('XV95530', 'Oregon', 'Employed', 'Laki-laki', 'Rural'),
('XW13033', 'Nevada', 'Employed', 'Laki-laki', 'Suburban'),
('XW89091', 'California', 'Employed', 'Laki-laki', 'Rural'),
('XW90265', 'Arizona', 'Employed', 'Perempuan', 'Suburban'),
('XW96958', 'Nevada', 'Unemployed', 'Laki-laki', 'Suburban'),
('XW98867', 'Oregon', 'Medical Leave', 'Laki-laki', 'Suburban'),
('XX12304', 'California', 'Employed', 'Perempuan', 'Urban'),
('XX29952', 'Arizona', 'Employed', 'Laki-laki', 'Rural'),
('XX84133', 'California', 'Employed', 'Laki-laki', 'Rural'),
('XY52165', 'Arizona', 'Employed', 'Perempuan', 'Suburban'),
('XZ17273', 'Nevada', 'Employed', 'Laki-laki', 'Rural'),
('XZ64172', 'Oregon', 'Employed', 'Laki-laki', 'Suburban'),
('YA11342', 'California', 'Unemployed', 'Laki-laki', 'Suburban'),
('YB33445', 'Oregon', 'Employed', 'Perempuan', 'Rural'),
('YB49933', 'Arizona', 'Employed', 'Laki-laki', 'Suburban'),
('YB58778', 'California', 'Employed', 'Perempuan', 'Rural'),
('YC11951', 'Oregon', 'Employed', 'Laki-laki', 'Rural'),
('YC43143', 'Arizona', 'Employed', 'Perempuan', 'Rural'),
('YC80498', 'California', 'Medical Leave', 'Perempuan', 'Suburban'),
('YD48962', 'Arizona', 'Unemployed', 'Laki-laki', 'Suburban'),
('YD74948', 'Oregon', 'Employed', 'Perempuan', 'Urban'),
('YE68736', 'California', 'Employed', 'Perempuan', 'Suburban'),
('YE97964', 'California', 'Employed', 'Perempuan', 'Urban'),
('YG10247', 'Oregon', 'Employed', 'Laki-laki', 'Suburban'),
('YG20683', 'Washington', 'Employed', 'Laki-laki', 'Rural'),
('YG44474', 'Oregon', 'Employed', 'Laki-laki', 'Suburban'),
('YG85980', 'Nevada', 'Employed', 'Perempuan', 'Suburban'),
('YH43527', 'Oregon', 'Employed', 'Perempuan', 'Suburban'),
('YH43996', 'Arizona', 'Unemployed', 'Laki-laki', 'Suburban'),
('YH61661', 'California', 'Employed', 'Laki-laki', 'Suburban'),
('YI28422', 'Oregon', 'Employed', 'Laki-laki', 'Suburban'),
('YI92916', 'Nevada', 'Employed', 'Laki-laki', 'Urban'),
('YJ43481', 'Arizona', 'Employed', 'Perempuan', 'Urban'),
('YJ59924', 'Oregon', 'Employed', 'Laki-laki', 'Suburban'),
('YJ88573', 'Nevada', 'Employed', 'Laki-laki', 'Suburban'),
('YJ99764', 'Nevada', 'Unemployed', 'Laki-laki', 'Suburban'),
('YL72747', 'California', 'Unemployed', 'Laki-laki', 'Suburban'),
('YL74911', 'California', 'Unemployed', 'Perempuan', 'Suburban'),
('YL83902', 'Washington', 'Employed', 'Perempuan', 'Suburban'),
('YM18992', 'California', 'Employed', 'Perempuan', 'Suburban'),
('YM43461', 'Washington', 'Unemployed', 'Laki-laki', 'Suburban'),
('YM50253', 'California', 'Employed', 'Perempuan', 'Urban'),
('YM57893', 'Washington', 'Employed', 'Laki-laki', 'Suburban'),
('YO15246', 'Nevada', 'Employed', 'Laki-laki', 'Suburban'),
('YO58424', 'Oregon', 'Employed', 'Laki-laki', 'Suburban'),
('YP40334', 'Oregon', 'Unemployed', 'Perempuan', 'Rural'),
('YP47665', 'Washington', 'Employed', 'Laki-laki', 'Rural'),
('YQ15567', 'Oregon', 'Medical Leave', 'Perempuan', 'Suburban'),
('YQ99152', 'Nevada', 'Retired', 'Laki-laki', 'Suburban'),
('YR34119', 'Washington', 'Employed', 'Perempuan', 'Rural'),
('YR34689', 'California', 'Employed', 'Perempuan', 'Suburban'),
('YT69858', 'Washington', 'Employed', 'Perempuan', 'Urban'),
('YU35386', 'Arizona', 'Employed', 'Perempuan', 'Suburban'),
('YU72540', 'Arizona', 'Employed', 'Perempuan', 'Rural'),
('YU86594', 'Oregon', 'Employed', 'Laki-laki', 'Rural'),
('YV64727', 'Washington', 'Employed', 'Laki-laki', 'Suburban'),
('YV67971', 'California', 'Employed', 'Perempuan', 'Rural'),
('YX15941', 'Oregon', 'Employed', 'Laki-laki', 'Suburban'),
('YX89016', 'Oregon', 'Employed', 'Laki-laki', 'Suburban'),
('YX90754', 'Nevada', 'Employed', 'Perempuan', 'Urban'),
('YX99200', 'Nevada', 'Employed', 'Laki-laki', 'Urban'),
('YY11432', 'Oregon', 'Employed', 'Perempuan', 'Rural'),
('ZB50601', 'Nevada', 'Unemployed', 'Laki-laki', 'Suburban'),
('ZB62469', 'California', 'Unemployed', 'Laki-laki', 'Suburban'),
('ZC24631', 'Oregon', 'Employed', 'Laki-laki', 'Rural'),
('ZC32510', 'Arizona', 'Employed', 'Laki-laki', 'Suburban'),
('ZD63451', 'California', 'Employed', 'Laki-laki', 'Rural'),
('ZF27999', 'Nevada', 'Retired', 'Perempuan', 'Suburban'),
('ZF28570', 'Nevada', 'Employed', 'Laki-laki', 'Suburban'),
('ZF40671', 'Washington', 'Medical Leave', 'Perempuan', 'Urban'),
('ZG48513', 'California', 'Unemployed', 'Laki-laki', 'Suburban'),
('ZG84862', 'Nevada', 'Unemployed', 'Laki-laki', 'Suburban'),
('ZH17561', 'Washington', 'Medical Leave', 'Perempuan', 'Suburban'),
('ZH19885', 'Washington', 'Employed', 'Perempuan', 'Rural'),
('ZH93283', 'Arizona', 'Retired', 'Laki-laki', 'Suburban'),
('ZJ73220', 'Arizona', 'Unemployed', 'Perempuan', 'Suburban'),
('ZK21724', 'Oregon', 'Unemployed', 'Perempuan', 'Suburban'),
('ZK25313', 'Oregon', 'Employed', 'Laki-laki', 'Suburban'),
('ZK61113', 'Oregon', 'Unemployed', 'Laki-laki', 'Suburban'),
('ZM86949', 'Oregon', 'Employed', 'Perempuan', 'Suburban'),
('ZM92052', 'Oregon', 'Employed', 'Laki-laki', 'Rural'),
('ZN34245', 'Arizona', 'Unemployed', 'Laki-laki', 'Suburban'),
('ZN47335', 'California', 'Employed', 'Laki-laki', 'Rural'),
('ZO14864', 'Washington', 'Employed', 'Perempuan', 'Urban'),
('ZO83562', 'Nevada', 'Unemployed', 'Perempuan', 'Suburban'),
('ZQ11381', 'Arizona', 'Employed', 'Laki-laki', 'Urban'),
('ZQ59828', 'California', 'Employed', 'Laki-laki', 'Rural'),
('ZR20842', 'Arizona', 'Employed', 'Laki-laki', 'Urban'),
('ZR25747', 'Oregon', 'Employed', 'Perempuan', 'Suburban'),
('ZR77995', 'California', 'Employed', 'Laki-laki', 'Rural'),
('ZS96174', 'Oregon', 'Medical Leave', 'Laki-laki', 'Suburban'),
('ZU18643', 'Nevada', 'Employed', 'Laki-laki', 'Urban'),
('ZU35962', 'California', 'Unemployed', 'Perempuan', 'Rural'),
('ZU73588', 'California', 'Employed', 'Laki-laki', 'Suburban'),
('ZU93025', 'Oregon', 'Employed', 'Perempuan', 'Rural'),
('ZV93969', 'Washington', 'Unemployed', 'Perempuan', 'Suburban'),
('ZW25874', 'Oregon', 'Employed', 'Laki-laki', 'Rural'),
('ZW71731', 'California', 'Employed', 'Laki-laki', 'Urban'),
('ZW84453', 'Arizona', 'Unemployed', 'Perempuan', 'Rural'),
('ZX23819', 'Oregon', 'Unemployed', 'Perempuan', 'Suburban'),
('ZX35838', 'Oregon', 'Employed', 'Perempuan', 'Rural'),
('ZX64745', 'California', 'Unemployed', 'Laki-laki', 'Suburban'),
('ZX86243', 'Arizona', 'Employed', 'Laki-laki', 'Rural'),
('ZY20779', 'Washington', 'Unemployed', 'Laki-laki', 'Suburban'),
('ZY33234', 'Nevada', 'Employed', 'Perempuan', 'Suburban'),
('ZY90118', 'Washington', 'Medical Leave', 'Laki-laki', 'Suburban'),
('ZY99878', 'California', 'Employed', 'Laki-laki', 'Urban'),
('ZZ44902', 'Arizona', 'Employed', 'Laki-laki', 'Suburban'),
('ZZ83340', 'Oregon', 'Employed', 'Perempuan', 'Urban'),
('ZZ91716', 'California', 'Unemployed', 'Perempuan', 'Suburban'),
('ZZ97035', 'California', 'Unemployed', 'Laki-laki', 'Suburban');

-- --------------------------------------------------------

--
-- Struktur dari tabel `polis`
--

CREATE TABLE `polis` (
  `kodepolis` int(10) NOT NULL,
  `tipepolis` varchar(20) NOT NULL,
  `kodenasabah` varchar(15) NOT NULL,
  `tanggal` date NOT NULL
) ENGINE=InnoDB DEFAULT CHARSET=latin1;

--
-- Dumping data untuk tabel `polis`
--

INSERT INTO `polis` (`kodepolis`, `tipepolis`, `kodenasabah`, `tanggal`) VALUES
(56767, 'Personal Auto', 'TM23514', '2011-01-01'),
(56768, 'Personal Auto', 'WB38524', '2011-01-01'),
(56769, 'Personal Auto', 'QZ42725', '2011-01-01'),
(56770, 'Corporate Auto', 'SG81493', '2011-01-01'),
(56771, 'Corporate Auto', 'QP80741', '2011-01-01'),
(56772, 'Corporate Auto', 'FN69743', '2011-01-01'),
(56773, 'Personal Auto', 'BW52697', '2011-01-01'),
(56774, 'Personal Auto', 'WP41146', '2011-01-01'),
(56775, 'Corporate Auto', 'HP55391', '2011-01-01'),
(56776, 'Personal Auto', 'US45383', '2011-01-01'),
(56777, 'Personal Auto', 'XC16387', '2011-01-01'),
(56778, 'Personal Auto', 'VU53417', '2011-01-01'),
(56779, 'Personal Auto', 'KR62797', '2011-01-01'),
(56780, 'Personal Auto', 'SV34223', '2011-01-01'),
(56781, 'Personal Auto', 'JO13576', '2011-01-01'),
(56782, 'Corporate Auto', 'AC75391', '2011-01-01'),
(56783, 'Corporate Auto', 'LP47259', '2011-01-01'),
(56784, 'Personal Auto', 'VF21395', '2011-01-01'),
(56785, 'Personal Auto', 'JG36165', '2011-01-01'),
(56786, 'Personal Auto', 'TC84427', '2011-01-01'),
(56787, 'Personal Auto', 'LI85491', '2011-01-01'),
(56788, 'Corporate Auto', 'VE55982', '2011-01-01'),
(56789, 'Special Auto', 'EF87528', '2011-01-01'),
(56790, 'Personal Auto', 'EP18940', '2011-01-01'),
(56791, 'Corporate Auto', 'TH68362', '2011-01-01'),
(56792, 'Personal Auto', 'DZ87709', '2011-01-02'),
(56793, 'Personal Auto', 'CJ15590', '2011-01-02'),
(56794, 'Personal Auto', 'YC43143', '2011-01-02'),
(56795, 'Personal Auto', 'YM50253', '2011-01-02'),
(56796, 'Personal Auto', 'RU49126', '2011-01-02'),
(56797, 'Personal Auto', 'HI14283', '2011-01-02'),
(56798, 'Corporate Auto', 'WV17090', '2011-01-02'),
(56799, 'Personal Auto', 'XV21647', '2011-01-02'),
(56800, 'Personal Auto', 'QQ90441', '2011-01-02'),
(56801, 'Personal Auto', 'YC80498', '2011-01-02'),
(56802, 'Corporate Auto', 'ZZ97035', '2011-01-02'),
(56803, 'Personal Auto', 'TA82973', '2011-01-02'),
(56804, 'Personal Auto', 'BI38192', '2011-01-02'),
(56805, 'Personal Auto', 'XT36360', '2011-01-02'),
(56806, 'Personal Auto', 'JH73503', '2011-01-02'),
(56807, 'Personal Auto', 'KJ86296', '2011-01-02'),
(56808, 'Corporate Auto', 'GR26937', '2011-01-02'),
(56809, 'Personal Auto', 'QV19964', '2011-01-02'),
(56810, 'Personal Auto', 'TI47802', '2011-01-02'),
(56811, 'Personal Auto', 'TP41703', '2011-01-02'),
(56812, 'Personal Auto', 'MY88518', '2011-01-02'),
(56813, 'Personal Auto', 'YY11432', '2011-01-02'),
(56814, 'Personal Auto', 'FS42690', '2011-01-02'),
(56815, 'Corporate Auto', 'SB99002', '2011-01-02'),
(56816, 'Personal Auto', 'MQ15074', '2011-01-02'),
(56817, 'Special Auto', 'GO36627', '2011-01-13'),
(56818, 'Personal Auto', 'GK73582', '2011-01-13'),
(56819, 'Special Auto', 'MF82000', '2011-01-13'),
(56820, 'Personal Auto', 'XH85336', '2011-01-13'),
(56821, 'Personal Auto', 'SV38190', '2011-01-13'),
(56822, 'Personal Auto', 'MY97912', '2011-01-13'),
(56823, 'Personal Auto', 'UI55951', '2011-01-13'),
(56824, 'Personal Auto', 'JF57282', '2011-01-13'),
(56825, 'Corporate Auto', 'ZC24631', '2011-01-13'),
(56826, 'Personal Auto', 'YR34689', '2011-01-13'),
(56827, 'Personal Auto', 'EI71732', '2011-01-13'),
(56828, 'Personal Auto', 'HT16519', '2011-01-13'),
(56829, 'Personal Auto', 'RY92647', '2011-01-13'),
(56830, 'Personal Auto', 'RY92254', '2011-01-13'),
(56831, 'Personal Auto', 'NK91488', '2011-01-13'),
(56832, 'Personal Auto', 'BW25236', '2011-01-13'),
(56833, 'Special Auto', 'CK40732', '2011-01-13'),
(56834, 'Personal Auto', 'EP61084', '2011-01-13'),
(56835, 'Personal Auto', 'GY74661', '2011-01-13'),
(56836, 'Personal Auto', 'JW24035', '2011-01-13'),
(56837, 'Personal Auto', 'SR30440', '2011-01-13'),
(56838, 'Personal Auto', 'LT89398', '2011-01-13'),
(56839, 'Corporate Auto', 'KP65334', '2011-01-13'),
(56840, 'Personal Auto', 'QD73891', '2011-01-13'),
(56841, 'Personal Auto', 'QP56563', '2011-01-13'),
(56842, 'Corporate Auto', 'FL50705', '2011-01-14'),
(56843, 'Personal Auto', 'CN24514', '2011-01-14'),
(56844, 'Corporate Auto', 'FO35655', '2011-01-14'),
(56845, 'Personal Auto', 'NC53424', '2011-01-14'),
(56846, 'Personal Auto', 'HR85211', '2011-01-14'),
(56847, 'Corporate Auto', 'TR67616', '2011-01-14'),
(56848, 'Personal Auto', 'HB67642', '2011-01-14'),
(56849, 'Corporate Auto', 'XH97711', '2011-01-14'),
(56850, 'Corporate Auto', 'VM13430', '2011-01-14'),
(56851, 'Personal Auto', 'OY51402', '2011-01-14'),
(56852, 'Personal Auto', 'UK25655', '2011-01-14'),
(56853, 'Corporate Auto', 'VY79030', '2011-01-14'),
(56854, 'Personal Auto', 'PN98247', '2011-01-14'),
(56855, 'Corporate Auto', 'QA85890', '2011-01-14'),
(56856, 'Personal Auto', 'XC15133', '2011-01-14'),
(56857, 'Personal Auto', 'FY62633', '2011-01-14'),
(56858, 'Personal Auto', 'QE12539', '2011-01-14'),
(56859, 'Personal Auto', 'AH65907', '2011-01-14'),
(56860, 'Personal Auto', 'QA41472', '2011-01-14'),
(56861, 'Personal Auto', 'VM85856', '2011-01-14'),
(56862, 'Personal Auto', 'BD77090', '2011-01-14'),
(56863, 'Special Auto', 'HI41970', '2011-01-14'),
(56864, 'Personal Auto', 'XK15687', '2011-01-14'),
(56865, 'Personal Auto', 'JY87538', '2011-01-14'),
(56866, 'Personal Auto', 'RU50098', '2011-01-14'),
(56867, 'Personal Auto', 'SK55033', '2011-01-15'),
(56868, 'Personal Auto', 'RB81636', '2011-01-15'),
(56869, 'Personal Auto', 'VE89726', '2011-01-15'),
(56870, 'Personal Auto', 'RZ13254', '2011-01-15'),
(56871, 'Personal Auto', 'OY74069', '2011-01-15'),
(56872, 'Personal Auto', 'GL67540', '2011-01-15'),
(56873, 'Personal Auto', 'DF95759', '2011-01-15'),
(56874, 'Personal Auto', 'WT43034', '2011-01-15'),
(56875, 'Personal Auto', 'TC14209', '2011-01-15'),
(56876, 'Corporate Auto', 'NG27780', '2011-01-15'),
(56877, 'Corporate Auto', 'JJ76159', '2011-01-15'),
(56878, 'Personal Auto', 'RM42344', '2011-01-15'),
(56879, 'Corporate Auto', 'RN78170', '2011-01-15'),
(56880, 'Personal Auto', 'QC55306', '2011-01-15'),
(56881, 'Personal Auto', 'AS55677', '2011-01-15'),
(56882, 'Personal Auto', 'CH85057', '2011-01-15'),
(56883, 'Corporate Auto', 'SI31236', '2011-01-15'),
(56884, 'Personal Auto', 'OV50124', '2011-01-15'),
(56885, 'Personal Auto', 'MY31220', '2011-01-15'),
(56886, 'Personal Auto', 'IA96447', '2011-01-15'),
(56887, 'Personal Auto', 'BT76268', '2011-01-15'),
(56888, 'Personal Auto', 'VG56765', '2011-01-15'),
(56889, 'Personal Auto', 'UW37050', '2011-01-15'),
(56890, 'Personal Auto', 'SJ74501', '2011-01-15'),
(56891, 'Corporate Auto', 'GE29173', '2011-01-15'),
(56892, 'Personal Auto', 'GK71720', '2011-01-16'),
(56893, 'Personal Auto', 'YJ88573', '2011-01-16'),
(56894, 'Personal Auto', 'HT87217', '2011-01-16'),
(56895, 'Special Auto', 'WV76014', '2011-01-16'),
(56896, 'Personal Auto', 'DA69469', '2011-01-16'),
(56897, 'Personal Auto', 'UG34438', '2011-01-16'),
(56898, 'Personal Auto', 'PM19162', '2011-01-16'),
(56899, 'Personal Auto', 'XV95530', '2011-01-16'),
(56900, 'Personal Auto', 'WR63188', '2011-01-16'),
(56901, 'Personal Auto', 'RT65829', '2011-01-16'),
(56902, 'Corporate Auto', 'OH55411', '2011-01-16'),
(56903, 'Personal Auto', 'ND41876', '2011-01-16'),
(56904, 'Personal Auto', 'SP58110', '2011-01-16'),
(56905, 'Special Auto', 'CW49887', '2011-01-16'),
(56906, 'Personal Auto', 'OU62604', '2011-01-16'),
(56907, 'Personal Auto', 'FN50615', '2011-01-16'),
(56908, 'Personal Auto', 'EN38348', '2011-01-16'),
(56909, 'Personal Auto', 'RC95515', '2011-01-16'),
(56910, 'Personal Auto', 'WV79842', '2011-01-16'),
(56911, 'Personal Auto', 'CV48634', '2011-01-16'),
(56912, 'Corporate Auto', 'DE18949', '2011-01-16'),
(56913, 'Personal Auto', 'GP67816', '2011-01-16'),
(56914, 'Personal Auto', 'AN67558', '2011-01-16'),
(56915, 'Corporate Auto', 'EQ59908', '2011-01-16'),
(56916, 'Personal Auto', 'SN23932', '2011-01-16'),
(56917, 'Corporate Auto', 'BW63560', '2011-01-17'),
(56918, 'Personal Auto', 'WE95729', '2011-01-17'),
(56919, 'Corporate Auto', 'CZ33664', '2011-01-17'),
(56920, 'Personal Auto', 'KR43119', '2011-01-17'),
(56921, 'Personal Auto', 'RA88421', '2011-01-17'),
(56922, 'Personal Auto', 'KU84464', '2011-01-17'),
(56923, 'Personal Auto', 'IB67546', '2011-01-17'),
(56924, 'Personal Auto', 'QW67581', '2011-01-17'),
(56925, 'Corporate Auto', 'IS50283', '2011-01-17'),
(56926, 'Personal Auto', 'GN46207', '2011-01-17'),
(56927, 'Personal Auto', 'VT78274', '2011-01-17'),
(56928, 'Corporate Auto', 'YI92916', '2011-01-17'),
(56929, 'Personal Auto', 'ZQ59828', '2011-01-17'),
(56930, 'Corporate Auto', 'BA17836', '2011-01-17'),
(56931, 'Special Auto', 'SE28250', '2011-01-17'),
(56932, 'Personal Auto', 'HP94242', '2011-01-17'),
(56933, 'Corporate Auto', 'WI69346', '2011-01-17'),
(56934, 'Personal Auto', 'NT59303', '2011-01-17'),
(56935, 'Personal Auto', 'YD48962', '2011-01-17'),
(56936, 'Personal Auto', 'YP40334', '2011-01-17'),
(56937, 'Personal Auto', 'AA71604', '2011-01-17'),
(56938, 'Personal Auto', 'PV55726', '2011-01-17'),
(56939, 'Corporate Auto', 'KC71643', '2011-01-17'),
(56940, 'Personal Auto', 'WA97671', '2011-01-17'),
(56941, 'Special Auto', 'WX33904', '2011-01-17'),
(56942, 'Corporate Auto', 'CF85061', '2011-01-18'),
(56943, 'Corporate Auto', 'IL66569', '2011-01-18'),
(56944, 'Corporate Auto', 'QG25316', '2011-01-18'),
(56945, 'Personal Auto', 'SH90947', '2011-01-18'),
(56946, 'Corporate Auto', 'AO98601', '2011-01-18'),
(56947, 'Personal Auto', 'BN87372', '2011-01-18'),
(56948, 'Personal Auto', 'BE10809', '2011-01-18'),
(56949, 'Personal Auto', 'ZX64745', '2011-01-18'),
(56950, 'Corporate Auto', 'ZU18643', '2011-01-18'),
(56951, 'Corporate Auto', 'ID20929', '2011-01-18'),
(56952, 'Personal Auto', 'RM41745', '2011-01-18'),
(56953, 'Personal Auto', 'LC25393', '2011-01-18'),
(56954, 'Personal Auto', 'PW73754', '2011-01-18'),
(56955, 'Personal Auto', 'QT25383', '2011-01-18'),
(56956, 'Personal Auto', 'KI19439', '2011-01-18'),
(56957, 'Personal Auto', 'OR40060', '2011-01-18'),
(56958, 'Personal Auto', 'BZ65376', '2011-01-18'),
(56959, 'Personal Auto', 'EC71986', '2011-01-18'),
(56960, 'Personal Auto', 'DK32872', '2011-01-18'),
(56961, 'Personal Auto', 'ET64028', '2011-01-18'),
(56962, 'Corporate Auto', 'OZ92426', '2011-01-18'),
(56963, 'Personal Auto', 'BS13111', '2011-01-18'),
(56964, 'Personal Auto', 'OD18225', '2011-01-18'),
(56965, 'Personal Auto', 'HL63895', '2011-01-18'),
(56966, 'Personal Auto', 'TJ48439', '2011-01-18'),
(56967, 'Corporate Auto', 'AU96286', '2011-01-19'),
(56968, 'Personal Auto', 'MN94234', '2011-01-19'),
(56969, 'Corporate Auto', 'JA41698', '2011-01-19'),
(56970, 'Corporate Auto', 'EW33419', '2011-01-19'),
(56971, 'Personal Auto', 'TO96662', '2011-01-19'),
(56972, 'Personal Auto', 'NK71023', '2011-01-19'),
(56973, 'Personal Auto', 'KP18988', '2011-01-19'),
(56974, 'Corporate Auto', 'SD64087', '2011-01-19'),
(56975, 'Personal Auto', 'QC87108', '2011-01-19'),
(56976, 'Personal Auto', 'PX70175', '2011-01-19'),
(56977, 'Personal Auto', 'ZU73588', '2011-01-19'),
(56978, 'Personal Auto', 'NE60110', '2011-01-19'),
(56979, 'Personal Auto', 'KI75855', '2011-01-19'),
(56980, 'Personal Auto', 'TM98684', '2011-01-19'),
(56981, 'Personal Auto', 'YM43461', '2011-01-19'),
(56982, 'Personal Auto', 'XF57481', '2011-01-19'),
(56983, 'Personal Auto', 'QG15435', '2011-01-19'),
(56984, 'Personal Auto', 'FB80807', '2011-01-19'),
(56985, 'Corporate Auto', 'VK48036', '2011-01-19'),
(56986, 'Personal Auto', 'OK56965', '2011-01-19'),
(56987, 'Corporate Auto', 'TW64385', '2011-01-19'),
(56988, 'Corporate Auto', 'RK24470', '2011-01-19'),
(56989, 'Personal Auto', 'ZS96174', '2011-01-19'),
(56990, 'Personal Auto', 'HC20975', '2011-01-19'),
(56991, 'Corporate Auto', 'HC74532', '2011-01-19'),
(56992, 'Personal Auto', 'KA61892', '2011-01-20'),
(56993, 'Personal Auto', 'JF36291', '2011-01-20'),
(56994, 'Corporate Auto', 'NL93182', '2011-01-20'),
(56995, 'Corporate Auto', 'PX17116', '2011-01-20'),
(56996, 'Corporate Auto', 'DP46882', '2011-01-20'),
(56997, 'Personal Auto', 'TR85083', '2011-01-20'),
(56998, 'Personal Auto', 'RI53167', '2011-01-20'),
(56999, 'Personal Auto', 'UK68427', '2011-01-20'),
(57000, 'Personal Auto', 'EI85244', '2011-01-20'),
(57001, 'Personal Auto', 'QW87316', '2011-01-20'),
(57002, 'Corporate Auto', 'VC87846', '2011-01-20'),
(57003, 'Corporate Auto', 'JB50798', '2011-01-20'),
(57004, 'Personal Auto', 'YD74948', '2011-01-20'),
(57005, 'Corporate Auto', 'NV61299', '2011-01-20'),
(57006, 'Personal Auto', 'IA62027', '2011-01-20'),
(57007, 'Corporate Auto', 'GF17866', '2011-01-20'),
(57008, 'Corporate Auto', 'EK91340', '2011-01-20'),
(57009, 'Personal Auto', 'FY40655', '2011-01-20'),
(57010, 'Corporate Auto', 'NM39588', '2011-01-20'),
(57011, 'Personal Auto', 'YG10247', '2011-01-20'),
(57012, 'Personal Auto', 'WH32183', '2011-01-20'),
(57013, 'Corporate Auto', 'BJ53923', '2011-01-20'),
(57014, 'Personal Auto', 'VC68509', '2011-01-20'),
(57015, 'Personal Auto', 'LT32391', '2011-01-20'),
(57016, 'Personal Auto', 'CY47265', '2011-01-20'),
(57017, 'Personal Auto', 'OX28638', '2011-01-21'),
(57018, 'Personal Auto', 'UH65059', '2011-01-21'),
(57019, 'Personal Auto', 'CC15295', '2011-01-21'),
(57020, 'Personal Auto', 'TW43626', '2011-01-21'),
(57021, 'Personal Auto', 'WO90953', '2011-01-21'),
(57022, 'Personal Auto', 'NW54906', '2011-01-21'),
(57023, 'Personal Auto', 'AO74776', '2011-01-21'),
(57024, 'Personal Auto', 'HB85743', '2011-01-21'),
(57025, 'Personal Auto', 'FK75497', '2011-01-21'),
(57026, 'Special Auto', 'LB25094', '2011-01-21'),
(57027, 'Personal Auto', 'JC29295', '2011-01-21'),
(57028, 'Personal Auto', 'XD19546', '2011-01-21'),
(57029, 'Personal Auto', 'TV82603', '2011-01-21'),
(57030, 'Personal Auto', 'EF52978', '2011-01-21'),
(57031, 'Personal Auto', 'YV67971', '2011-01-21'),
(57032, 'Personal Auto', 'ZQ11381', '2011-01-21'),
(57033, 'Personal Auto', 'KN21017', '2011-01-21'),
(57034, 'Personal Auto', 'LC44944', '2011-01-21'),
(57035, 'Corporate Auto', 'PI47776', '2011-01-21'),
(57036, 'Personal Auto', 'VJ51327', '2011-01-21'),
(57037, 'Personal Auto', 'QM38267', '2011-01-21'),
(57038, 'Personal Auto', 'YH43996', '2011-01-21'),
(57039, 'Corporate Auto', 'PX60116', '2011-01-21'),
(57040, 'Personal Auto', 'GO14008', '2011-01-21'),
(57041, 'Personal Auto', 'WC35554', '2011-01-21'),
(57042, 'Personal Auto', 'RK96223', '2011-01-22'),
(57043, 'Personal Auto', 'DE34457', '2011-01-22'),
(57044, 'Personal Auto', 'IC43478', '2011-01-22'),
(57045, 'Corporate Auto', 'SV50502', '2011-01-22'),
(57046, 'Personal Auto', 'UF88986', '2011-01-22'),
(57047, 'Personal Auto', 'JK32620', '2011-01-22'),
(57048, 'Personal Auto', 'NQ86532', '2011-01-22'),
(57049, 'Personal Auto', 'SW79912', '2011-01-22'),
(57050, 'Personal Auto', 'ZZ91716', '2011-01-22'),
(57051, 'Personal Auto', 'GP18756', '2011-01-22'),
(57052, 'Personal Auto', 'RV15398', '2011-01-22'),
(57053, 'Personal Auto', 'QW33258', '2011-01-22'),
(57054, 'Personal Auto', 'QQ89253', '2011-01-22'),
(57055, 'Corporate Auto', 'SL50592', '2011-01-22'),
(57056, 'Corporate Auto', 'NU32697', '2011-01-22'),
(57057, 'Personal Auto', 'NZ57065', '2011-01-22'),
(57058, 'Personal Auto', 'OB77084', '2011-01-22'),
(57059, 'Personal Auto', 'TJ30354', '2011-01-22'),
(57060, 'Personal Auto', 'QT89604', '2011-01-22'),
(57061, 'Corporate Auto', 'SB79528', '2011-01-22'),
(57062, 'Personal Auto', 'PQ13422', '2011-01-22'),
(57063, 'Personal Auto', 'UD27196', '2011-01-22'),
(57064, 'Corporate Auto', 'CD76093', '2011-01-22'),
(57065, 'Personal Auto', 'OY44814', '2011-01-22'),
(57066, 'Personal Auto', 'ZK61113', '2011-01-22'),
(57067, 'Personal Auto', 'VC34764', '2011-01-23'),
(57068, 'Personal Auto', 'OS39723', '2011-01-23'),
(57069, 'Personal Auto', 'MS59005', '2011-01-23'),
(57070, 'Personal Auto', 'OL97871', '2011-01-23'),
(57071, 'Personal Auto', 'AP23850', '2011-01-23'),
(57072, 'Personal Auto', 'NC58480', '2011-01-23'),
(57073, 'Personal Auto', 'TE13577', '2011-01-23'),
(57074, 'Personal Auto', 'OB69153', '2011-01-23'),
(57075, 'Personal Auto', 'QJ40732', '2011-01-23'),
(57076, 'Special Auto', 'AM97901', '2011-01-23'),
(57077, 'Personal Auto', 'TX28465', '2011-01-23'),
(57078, 'Personal Auto', 'ZR20842', '2011-01-23'),
(57079, 'Personal Auto', 'BW46202', '2011-01-23'),
(57080, 'Personal Auto', 'XO42145', '2011-01-23'),
(57081, 'Personal Auto', 'EG56026', '2011-01-23'),
(57082, 'Personal Auto', 'DF94525', '2011-01-23'),
(57083, 'Personal Auto', 'HQ82089', '2011-01-23'),
(57084, 'Personal Auto', 'WJ44028', '2011-01-23'),
(57085, 'Personal Auto', 'RP30093', '2011-01-23'),
(57086, 'Personal Auto', 'PY10605', '2011-01-23'),
(57087, 'Personal Auto', 'OB88698', '2011-01-23'),
(57088, 'Personal Auto', 'QB58745', '2011-01-23'),
(57089, 'Personal Auto', 'CI24326', '2011-01-23'),
(57090, 'Personal Auto', 'SG20925', '2011-01-23'),
(57091, 'Personal Auto', 'MQ32284', '2011-01-23'),
(57092, 'Personal Auto', 'FG16766', '2011-01-24'),
(57093, 'Corporate Auto', 'ZH17561', '2011-01-24'),
(57094, 'Personal Auto', 'DP84567', '2011-01-24'),
(57095, 'Personal Auto', 'VH31965', '2011-01-24'),
(57096, 'Corporate Auto', 'EY50028', '2011-01-24'),
(57097, 'Personal Auto', 'RA93608', '2011-01-24'),
(57098, 'Personal Auto', 'UQ87917', '2011-01-24'),
(57099, 'Special Auto', 'IU47468', '2011-01-24'),
(57100, 'Personal Auto', 'KI56154', '2011-01-24'),
(57101, 'Personal Auto', 'RA68844', '2011-01-24'),
(57102, 'Personal Auto', 'DG80424', '2011-01-24'),
(57103, 'Personal Auto', 'DL36983', '2011-01-24'),
(57104, 'Personal Auto', 'QD38160', '2011-01-24'),
(57105, 'Personal Auto', 'DK94262', '2011-01-24'),
(57106, 'Personal Auto', 'QN10888', '2011-01-24'),
(57107, 'Special Auto', 'ZJ73220', '2011-01-24'),
(57108, 'Personal Auto', 'WT22392', '2011-01-24'),
(57109, 'Personal Auto', 'FZ20933', '2011-01-24'),
(57110, 'Special Auto', 'BQ12347', '2011-01-24'),
(57111, 'Personal Auto', 'PD32641', '2011-01-24'),
(57112, 'Corporate Auto', 'TA66375', '2011-01-24'),
(57113, 'Personal Auto', 'XV83643', '2011-01-24'),
(57114, 'Personal Auto', 'NR18672', '2011-01-24'),
(57115, 'Corporate Auto', 'SX50964', '2011-01-24'),
(57116, 'Personal Auto', 'EO40136', '2011-01-24'),
(57117, 'Personal Auto', 'EU27538', '2011-01-25'),
(57118, 'Corporate Auto', 'HD32044', '2011-01-25'),
(57119, 'Personal Auto', 'LA13377', '2011-01-25'),
(57120, 'Personal Auto', 'KF75098', '2011-01-25'),
(57121, 'Corporate Auto', 'NW30838', '2011-01-25'),
(57122, 'Personal Auto', 'HX78576', '2011-01-25'),
(57123, 'Corporate Auto', 'GB45753', '2011-01-25'),
(57124, 'Personal Auto', 'QK46697', '2011-01-25'),
(57125, 'Personal Auto', 'PZ89632', '2011-01-25'),
(57126, 'Special Auto', 'KI18648', '2011-01-25'),
(57127, 'Personal Auto', 'ZZ44902', '2011-01-25'),
(57128, 'Personal Auto', 'MP47256', '2011-01-25'),
(57129, 'Corporate Auto', 'XZ17273', '2011-01-25'),
(57130, 'Personal Auto', 'GH31557', '2011-01-25'),
(57131, 'Personal Auto', 'EJ90880', '2011-01-25'),
(57132, 'Personal Auto', 'TE61015', '2011-01-25'),
(57133, 'Corporate Auto', 'LG19551', '2011-01-25'),
(57134, 'Personal Auto', 'ZX35838', '2011-01-25'),
(57135, 'Personal Auto', 'JA93297', '2011-01-25'),
(57136, 'Personal Auto', 'YL72747', '2011-01-25'),
(57137, 'Corporate Auto', 'JV68002', '2011-01-25'),
(57138, 'Personal Auto', 'YP47665', '2011-01-25'),
(57139, 'Personal Auto', 'XV22744', '2011-01-25'),
(57140, 'Personal Auto', 'GU82475', '2011-01-25'),
(57141, 'Personal Auto', 'TX39594', '2011-01-25'),
(57142, 'Personal Auto', 'ZU35962', '2011-01-26'),
(57143, 'Personal Auto', 'MS41162', '2011-01-26'),
(57144, 'Personal Auto', 'UI64281', '2011-01-26'),
(57145, 'Corporate Auto', 'FL82372', '2011-01-26'),
(57146, 'Personal Auto', 'WE68644', '2011-01-26'),
(57147, 'Personal Auto', 'CF57022', '2011-01-26'),
(57148, 'Special Auto', 'FV21968', '2011-01-26'),
(57149, 'Personal Auto', 'PU42145', '2011-01-26'),
(57150, 'Personal Auto', 'LK60013', '2011-01-26'),
(57151, 'Corporate Auto', 'QL59704', '2011-01-26'),
(57152, 'Corporate Auto', 'VY19543', '2011-01-26'),
(57153, 'Personal Auto', 'JJ97525', '2011-01-26'),
(57154, 'Personal Auto', 'TD10493', '2011-01-26'),
(57155, 'Corporate Auto', 'ON73702', '2011-01-26'),
(57156, 'Special Auto', 'TC88986', '2011-01-26'),
(57157, 'Special Auto', 'MB90871', '2011-01-26'),
(57158, 'Personal Auto', 'VV77534', '2011-01-26'),
(57159, 'Personal Auto', 'KN25556', '2011-01-26'),
(57160, 'Personal Auto', 'NE24371', '2011-01-26'),
(57161, 'Personal Auto', 'BM21532', '2011-01-26'),
(57162, 'Personal Auto', 'CK39096', '2011-01-26'),
(57163, 'Personal Auto', 'CM94425', '2011-01-26'),
(57164, 'Personal Auto', 'FI61723', '2011-01-26'),
(57165, 'Personal Auto', 'FO99259', '2011-01-26'),
(57166, 'Personal Auto', 'FL69363', '2011-01-26'),
(57167, 'Personal Auto', 'OD76309', '2011-01-27'),
(57168, 'Corporate Auto', 'RH42306', '2011-01-27'),
(57169, 'Personal Auto', 'JL19416', '2011-01-27'),
(57170, 'Personal Auto', 'XD66024', '2011-01-27'),
(57171, 'Personal Auto', 'RD62882', '2011-01-27'),
(57172, 'Personal Auto', 'JH91579', '2011-01-27'),
(57173, 'Personal Auto', 'QZ81258', '2011-01-27'),
(57174, 'Personal Auto', 'QM74621', '2011-01-27'),
(57175, 'Personal Auto', 'JP58047', '2011-01-27'),
(57176, 'Corporate Auto', 'KL43114', '2011-01-27'),
(57177, 'Personal Auto', 'NN71951', '2011-01-27'),
(57178, 'Personal Auto', 'DT85712', '2011-01-27'),
(57179, 'Personal Auto', 'EP80820', '2011-01-27'),
(57180, 'Personal Auto', 'IS12901', '2011-01-27'),
(57181, 'Personal Auto', 'EO95328', '2011-01-27'),
(57182, 'Personal Auto', 'SH74080', '2011-01-27'),
(57183, 'Personal Auto', 'SF57173', '2011-01-27'),
(57184, 'Personal Auto', 'UM45563', '2011-01-27'),
(57185, 'Personal Auto', 'YJ99764', '2011-01-27'),
(57186, 'Corporate Auto', 'JS42382', '2011-01-27'),
(57187, 'Personal Auto', 'HK26543', '2011-01-27'),
(57188, 'Personal Auto', 'VC77127', '2011-01-27'),
(57189, 'Personal Auto', 'VE31507', '2011-01-27'),
(57190, 'Personal Auto', 'FR55658', '2011-01-27'),
(57191, 'Personal Auto', 'CS93971', '2011-01-27'),
(57192, 'Corporate Auto', 'HG39060', '2011-01-28'),
(57193, 'Personal Auto', 'NY56352', '2011-01-28'),
(57194, 'Personal Auto', 'BM69081', '2011-01-28'),
(57195, 'Corporate Auto', 'WR62597', '2011-01-28'),
(57196, 'Personal Auto', 'IL19217', '2011-01-28'),
(57197, 'Personal Auto', 'FF61670', '2011-01-28'),
(57198, 'Personal Auto', 'BF72793', '2011-01-28'),
(57199, 'Personal Auto', 'DY22043', '2011-01-28'),
(57200, 'Personal Auto', 'BG85305', '2011-01-28'),
(57201, 'Personal Auto', 'OD69005', '2011-01-28'),
(57202, 'Personal Auto', 'XW89091', '2011-01-28'),
(57203, 'Special Auto', 'HX44948', '2011-01-28'),
(57204, 'Personal Auto', 'UM76485', '2011-01-28'),
(57205, 'Personal Auto', 'RE46783', '2011-01-28'),
(57206, 'Personal Auto', 'PA16884', '2011-01-28'),
(57207, 'Personal Auto', 'PK28821', '2011-01-28'),
(57208, 'Corporate Auto', 'AB60627', '2011-01-28'),
(57209, 'Corporate Auto', 'TR81766', '2011-01-28'),
(57210, 'Personal Auto', 'GX19342', '2011-01-28'),
(57211, 'Corporate Auto', 'WH52799', '2011-01-28'),
(57212, 'Corporate Auto', 'NK73719', '2011-01-28'),
(57213, 'Personal Auto', 'SA91515', '2011-01-28'),
(57214, 'Personal Auto', 'FF68864', '2011-01-28'),
(57215, 'Personal Auto', 'VT96364', '2011-01-28'),
(57216, 'Personal Auto', 'NU42684', '2011-01-28'),
(57217, 'Personal Auto', 'JP69864', '2011-01-29'),
(57218, 'Special Auto', 'II62831', '2011-01-29'),
(57219, 'Personal Auto', 'RF61565', '2011-01-29'),
(57220, 'Personal Auto', 'UA94723', '2011-01-29'),
(57221, 'Corporate Auto', 'PB54378', '2011-01-29'),
(57222, 'Personal Auto', 'QE22757', '2011-01-29'),
(57223, 'Personal Auto', 'ON77649', '2011-01-29'),
(57224, 'Personal Auto', 'TU92578', '2011-01-29'),
(57225, 'Personal Auto', 'GT62080', '2011-01-29'),
(57226, 'Personal Auto', 'ED50963', '2011-01-29'),
(57227, 'Personal Auto', 'PT64580', '2011-01-29'),
(57228, 'Personal Auto', 'YG85980', '2011-01-29'),
(57229, 'Personal Auto', 'WA15684', '2011-01-29'),
(57230, 'Personal Auto', 'PR31642', '2011-01-29'),
(57231, 'Personal Auto', 'NT43594', '2011-01-29'),
(57232, 'Personal Auto', 'EL99335', '2011-01-29'),
(57233, 'Corporate Auto', 'JF83834', '2011-01-29'),
(57234, 'Personal Auto', 'QG51953', '2011-01-29'),
(57235, 'Corporate Auto', 'TJ76363', '2011-01-29'),
(57236, 'Personal Auto', 'RF44930', '2011-01-29'),
(57237, 'Personal Auto', 'ZY20779', '2011-01-29'),
(57238, 'Personal Auto', 'WH81461', '2011-01-29'),
(57239, 'Corporate Auto', 'WO95180', '2011-01-29'),
(57240, 'Personal Auto', 'EE76374', '2011-01-29'),
(57241, 'Corporate Auto', 'HW42900', '2011-01-29'),
(57242, 'Corporate Auto', 'UF46533', '2011-01-30'),
(57243, 'Special Auto', 'JN26745', '2011-01-30'),
(57244, 'Personal Auto', 'DE55857', '2011-01-30'),
(57245, 'Personal Auto', 'CF15558', '2011-01-30'),
(57246, 'Personal Auto', 'UK70255', '2011-01-30'),
(57247, 'Personal Auto', 'FI92440', '2011-01-30'),
(57248, 'Personal Auto', 'FF22360', '2011-01-30'),
(57249, 'Personal Auto', 'WZ40465', '2011-01-30'),
(57250, 'Personal Auto', 'KJ31611', '2011-01-30'),
(57251, 'Corporate Auto', 'OB55054', '2011-01-30'),
(57252, 'Personal Auto', 'YB58778', '2011-01-30'),
(57253, 'Personal Auto', 'HO92982', '2011-01-30'),
(57254, 'Personal Auto', 'SF32458', '2011-01-30'),
(57255, 'Personal Auto', 'MC20349', '2011-01-30'),
(57256, 'Personal Auto', 'PZ47477', '2011-01-30'),
(57257, 'Personal Auto', 'II83628', '2011-01-30'),
(57258, 'Special Auto', 'KB99097', '2011-01-30'),
(57259, 'Personal Auto', 'CS55808', '2011-01-30'),
(57260, 'Personal Auto', 'BK21146', '2011-01-30'),
(57261, 'Corporate Auto', 'HY76810', '2011-01-30'),
(57262, 'Personal Auto', 'XB17553', '2011-01-30'),
(57263, 'Personal Auto', 'DQ45854', '2011-01-30'),
(57264, 'Personal Auto', 'WK99918', '2011-01-30'),
(57265, 'Personal Auto', 'YJ59924', '2011-01-30'),
(57266, 'Personal Auto', 'IE40701', '2011-01-30'),
(57267, 'Personal Auto', 'SM52139', '2011-01-31'),
(57268, 'Personal Auto', 'QA87025', '2011-01-31'),
(57269, 'Personal Auto', 'CV29889', '2011-01-31'),
(57270, 'Personal Auto', 'GD83998', '2011-01-31'),
(57271, 'Personal Auto', 'BG76355', '2011-01-31'),
(57272, 'Personal Auto', 'UN37063', '2011-01-31'),
(57273, 'Corporate Auto', 'MB69535', '2011-01-31'),
(57274, 'Personal Auto', 'AY84441', '2011-01-31'),
(57275, 'Personal Auto', 'DB71122', '2011-01-31'),
(57276, 'Personal Auto', 'MN61620', '2011-01-31'),
(57277, 'Personal Auto', 'EK19337', '2011-01-31'),
(57278, 'Personal Auto', 'AI61368', '2011-01-31'),
(57279, 'Corporate Auto', 'KC17170', '2011-01-31'),
(57280, 'Personal Auto', 'BH23017', '2011-01-31'),
(57281, 'Corporate Auto', 'JR10216', '2011-01-31'),
(57282, 'Personal Auto', 'RW65101', '2011-01-31'),
(57283, 'Corporate Auto', 'SZ70655', '2011-01-31'),
(57284, 'Personal Auto', 'LZ34046', '2011-01-31'),
(57285, 'Personal Auto', 'CX12134', '2011-01-31'),
(57286, 'Special Auto', 'EL93539', '2011-01-31'),
(57287, 'Personal Auto', 'HQ23708', '2011-01-31'),
(57288, 'Personal Auto', 'MY37953', '2011-01-31'),
(57289, 'Corporate Auto', 'ZW71731', '2011-01-31'),
(57290, 'Personal Auto', 'XG44587', '2011-01-31'),
(57291, 'Special Auto', 'IX35050', '2011-01-31'),
(57292, 'Personal Auto', 'XM45289', '2011-02-01'),
(57293, 'Personal Auto', 'CD86811', '2011-02-01'),
(57294, 'Personal Auto', 'TQ13499', '2011-02-01'),
(57295, 'Personal Auto', 'TS11219', '2011-02-01'),
(57296, 'Personal Auto', 'KY33386', '2011-02-01'),
(57297, 'Personal Auto', 'CO44221', '2011-02-01'),
(57298, 'Corporate Auto', 'UA84837', '2011-02-01'),
(57299, 'Personal Auto', 'VQ38776', '2011-02-01'),
(57300, 'Personal Auto', 'QG45324', '2011-02-01'),
(57301, 'Special Auto', 'YH61661', '2011-02-01'),
(57302, 'Personal Auto', 'TN79487', '2011-02-01'),
(57303, 'Personal Auto', 'EU68825', '2011-02-01'),
(57304, 'Personal Auto', 'LN26837', '2011-02-01'),
(57305, 'Personal Auto', 'SS59521', '2011-02-01'),
(57306, 'Personal Auto', 'CP98451', '2011-02-01'),
(57307, 'Personal Auto', 'NX52648', '2011-02-01'),
(57308, 'Corporate Auto', 'GI82355', '2011-02-01'),
(57309, 'Personal Auto', 'VO26340', '2011-02-01'),
(57310, 'Personal Auto', 'BB11622', '2011-02-01'),
(57311, 'Personal Auto', 'EA27048', '2011-02-01'),
(57312, 'Personal Auto', 'OQ90898', '2011-02-01'),
(57313, 'Personal Auto', 'BB82067', '2011-02-01'),
(57314, 'Personal Auto', 'IX55883', '2011-02-01'),
(57315, 'Personal Auto', 'OB49075', '2011-02-01'),
(57316, 'Personal Auto', 'GE62437', '2011-02-02'),
(57317, 'Personal Auto', 'CR48975', '2011-02-02'),
(57318, 'Personal Auto', 'DE21533', '2011-02-02'),
(57319, 'Personal Auto', 'IA63417', '2011-02-02'),
(57320, 'Personal Auto', 'GU66096', '2011-02-02'),
(57321, 'Personal Auto', 'NB79936', '2011-02-02'),
(57322, 'Personal Auto', 'YR34119', '2011-02-02'),
(57323, 'Personal Auto', 'YM18992', '2011-02-02'),
(57324, 'Corporate Auto', 'JA34909', '2011-02-02'),
(57325, 'Personal Auto', 'LL45497', '2011-02-02'),
(57326, 'Corporate Auto', 'CU26127', '2011-02-02'),
(57327, 'Personal Auto', 'JQ56711', '2011-02-02'),
(57328, 'Special Auto', 'QV59143', '2011-02-02'),
(57329, 'Special Auto', 'EJ19449', '2011-02-02'),
(57330, 'Personal Auto', 'GO77248', '2011-02-02'),
(57331, 'Personal Auto', 'OU79745', '2011-02-02'),
(57332, 'Personal Auto', 'MB51200', '2011-02-02'),
(57333, 'Personal Auto', 'TV25678', '2011-02-02'),
(57334, 'Special Auto', 'JH62891', '2011-02-02'),
(57335, 'Personal Auto', 'CU36986', '2011-02-02'),
(57336, 'Personal Auto', 'OT52034', '2011-02-02'),
(57337, 'Personal Auto', 'WL99637', '2011-02-02'),
(57338, 'Personal Auto', 'PP80817', '2011-02-02'),
(57339, 'Special Auto', 'GW14109', '2011-02-02'),
(57340, 'Personal Auto', 'WT71621', '2011-02-02'),
(57341, 'Corporate Auto', 'SK67821', '2011-02-13'),
(57342, 'Special Auto', 'AP67935', '2011-02-13'),
(57343, 'Personal Auto', 'FY56083', '2011-02-13'),
(57344, 'Corporate Auto', 'FW91032', '2011-02-13'),
(57345, 'Corporate Auto', 'CV24005', '2011-02-13'),
(57346, 'Personal Auto', 'BT30554', '2011-02-13'),
(57347, 'Corporate Auto', 'BS83666', '2011-02-13'),
(57348, 'Personal Auto', 'RZ27571', '2011-02-13'),
(57349, 'Personal Auto', 'WW30771', '2011-02-13'),
(57350, 'Corporate Auto', 'YB33445', '2011-02-13'),
(57351, 'Personal Auto', 'WK88044', '2011-02-13'),
(57352, 'Personal Auto', 'KH24214', '2011-02-13'),
(57353, 'Personal Auto', 'JT11876', '2011-02-13'),
(57354, 'Personal Auto', 'GT38956', '2011-02-13'),
(57355, 'Personal Auto', 'DW29763', '2011-02-13'),
(57356, 'Personal Auto', 'VX39856', '2011-02-13'),
(57357, 'Personal Auto', 'BV79904', '2011-02-13'),
(57358, 'Personal Auto', 'XD85577', '2011-02-13'),
(57359, 'Personal Auto', 'UH35128', '2011-02-13'),
(57360, 'Corporate Auto', 'VL84149', '2011-02-13'),
(57361, 'Personal Auto', 'WS57286', '2011-02-13'),
(57362, 'Personal Auto', 'VH45094', '2011-02-13'),
(57363, 'Personal Auto', 'QF59448', '2011-02-13'),
(57364, 'Personal Auto', 'TK40018', '2011-02-13'),
(57365, 'Personal Auto', 'XY52165', '2011-02-13'),
(57366, 'Corporate Auto', 'GU99037', '2011-02-14'),
(57367, 'Personal Auto', 'IX37561', '2011-02-14'),
(57368, 'Corporate Auto', 'CD88896', '2011-02-14'),
(57369, 'Corporate Auto', 'UW32074', '2011-02-14'),
(57370, 'Personal Auto', 'UF33451', '2011-02-14'),
(57371, 'Special Auto', 'UK52289', '2011-02-14'),
(57372, 'Personal Auto', 'HU35721', '2011-02-14'),
(57373, 'Personal Auto', 'GE47180', '2011-02-14'),
(57374, 'Personal Auto', 'ZH19885', '2011-02-14'),
(57375, 'Personal Auto', 'CK19789', '2011-02-14'),
(57376, 'Personal Auto', 'GE82737', '2011-02-14'),
(57377, 'Corporate Auto', 'KN34250', '2011-02-14'),
(57378, 'Corporate Auto', 'EZ50606', '2011-02-14'),
(57379, 'Personal Auto', 'NL41409', '2011-02-14'),
(57380, 'Personal Auto', 'GP40701', '2011-02-14'),
(57381, 'Corporate Auto', 'HN95240', '2011-02-14'),
(57382, 'Personal Auto', 'NG82219', '2011-02-14'),
(57383, 'Personal Auto', 'JY16280', '2011-02-14'),
(57384, 'Special Auto', 'WY97929', '2011-02-14'),
(57385, 'Personal Auto', 'HG33568', '2011-02-14'),
(57386, 'Personal Auto', 'NL59519', '2011-02-14'),
(57387, 'Corporate Auto', 'SB18278', '2011-02-14'),
(57388, 'Personal Auto', 'FZ55002', '2011-02-14'),
(57389, 'Personal Auto', 'PT32230', '2011-02-14'),
(57390, 'Personal Auto', 'ZF27999', '2011-02-14'),
(57391, 'Personal Auto', 'XW13033', '2011-02-15'),
(57392, 'Personal Auto', 'KH48895', '2011-02-15'),
(57393, 'Corporate Auto', 'JI70886', '2011-02-15'),
(57394, 'Personal Auto', 'XW90265', '2011-02-15'),
(57395, 'Personal Auto', 'LQ13873', '2011-02-15'),
(57396, 'Personal Auto', 'EZ30498', '2011-02-15'),
(57397, 'Personal Auto', 'KL57176', '2011-02-15'),
(57398, 'Personal Auto', 'TI92884', '2011-02-15'),
(57399, 'Personal Auto', 'PX44289', '2011-02-15'),
(57400, 'Personal Auto', 'DF66914', '2011-02-15'),
(57401, 'Personal Auto', 'UO86707', '2011-02-15'),
(57402, 'Personal Auto', 'LE26899', '2011-02-15'),
(57403, 'Personal Auto', 'TA58285', '2011-02-15'),
(57404, 'Personal Auto', 'VJ44100', '2011-02-15'),
(57405, 'Corporate Auto', 'TY74870', '2011-02-15'),
(57406, 'Personal Auto', 'UM69933', '2011-02-15'),
(57407, 'Personal Auto', 'KD63998', '2011-02-15'),
(57408, 'Personal Auto', 'OF47250', '2011-02-15'),
(57409, 'Personal Auto', 'YU35386', '2011-02-15'),
(57410, 'Personal Auto', 'SC95565', '2011-02-15'),
(57411, 'Personal Auto', 'GD59796', '2011-02-15'),
(57412, 'Personal Auto', 'XA32915', '2011-02-15'),
(57413, 'Corporate Auto', 'TP87527', '2011-02-15'),
(57414, 'Personal Auto', 'GQ46925', '2011-02-15'),
(57415, 'Corporate Auto', 'EY89842', '2011-02-15'),
(57416, 'Personal Auto', 'EV68375', '2011-02-16'),
(57417, 'Personal Auto', 'EM43724', '2011-02-16'),
(57418, 'Corporate Auto', 'YV64727', '2011-02-16'),
(57419, 'Special Auto', 'ZW25874', '2011-02-16'),
(57420, 'Personal Auto', 'AO87348', '2011-02-16'),
(57421, 'Personal Auto', 'OA57352', '2011-02-16'),
(57422, 'Corporate Auto', 'SK97780', '2011-02-16'),
(57423, 'Corporate Auto', 'ZN47335', '2011-02-16'),
(57424, 'Corporate Auto', 'XP64922', '2011-02-16'),
(57425, 'Personal Auto', 'GI68556', '2011-02-16'),
(57426, 'Personal Auto', 'BZ12077', '2011-02-16'),
(57427, 'Personal Auto', 'JP94676', '2011-02-16'),
(57428, 'Personal Auto', 'IW54795', '2011-02-16'),
(57429, 'Personal Auto', 'PS30217', '2011-02-16'),
(57430, 'Personal Auto', 'BC66921', '2011-02-16'),
(57431, 'Personal Auto', 'GC17585', '2011-02-16'),
(57432, 'Personal Auto', 'LP82042', '2011-02-16'),
(57433, 'Personal Auto', 'DT35588', '2011-02-16'),
(57434, 'Special Auto', 'OY94707', '2011-02-16'),
(57435, 'Corporate Auto', 'CM52565', '2011-02-16'),
(57436, 'Personal Auto', 'CA56041', '2011-02-16'),
(57437, 'Personal Auto', 'UV80201', '2011-02-16'),
(57438, 'Personal Auto', 'ES16126', '2011-02-16'),
(57439, 'Personal Auto', 'CJ97736', '2011-02-16'),
(57440, 'Personal Auto', 'No36572', '2011-02-16'),
(57441, 'Personal Auto', 'WA25797', '2011-02-17'),
(57442, 'Personal Auto', 'XP47431', '2011-02-17'),
(57443, 'Corporate Auto', 'AZ62651', '2011-02-17'),
(57444, 'Personal Auto', 'ZG48513', '2011-02-17'),
(57445, 'Corporate Auto', 'XN11823', '2011-02-17'),
(57446, 'Corporate Auto', 'UA51318', '2011-02-17'),
(57447, 'Personal Auto', 'FS55302', '2011-02-17'),
(57448, 'Personal Auto', 'EV19512', '2011-02-17'),
(57449, 'Personal Auto', 'HN57556', '2011-02-17'),
(57450, 'Personal Auto', 'YX89016', '2011-02-17'),
(57451, 'Personal Auto', 'UJ79253', '2011-02-17'),
(57452, 'Personal Auto', 'PN21042', '2011-02-17'),
(57453, 'Corporate Auto', 'UN97379', '2011-02-17'),
(57454, 'Personal Auto', 'LY97989', '2011-02-17'),
(57455, 'Personal Auto', 'ZM86949', '2011-02-17'),
(57456, 'Corporate Auto', 'BH11344', '2011-02-17'),
(57457, 'Personal Auto', 'YO15246', '2011-02-17'),
(57458, 'Personal Auto', 'NF53775', '2011-02-17'),
(57459, 'Personal Auto', 'UQ63396', '2011-02-17'),
(57460, 'Corporate Auto', 'XO22038', '2011-02-17'),
(57461, 'Personal Auto', 'SD62061', '2011-02-17'),
(57462, 'Personal Auto', 'QB47024', '2011-02-17'),
(57463, 'Personal Auto', 'OP26403', '2011-02-17'),
(57464, 'Personal Auto', 'ZF28570', '2011-02-17'),
(57465, 'Corporate Auto', 'BK73302', '2011-02-17'),
(57466, 'Personal Auto', 'IU25463', '2011-02-18'),
(57467, 'Personal Auto', 'PD33979', '2011-02-18'),
(57468, 'Personal Auto', 'GY55092', '2011-02-18'),
(57469, 'Corporate Auto', 'AH84063', '2011-02-18'),
(57470, 'Personal Auto', 'DJ91267', '2011-02-18'),
(57471, 'Corporate Auto', 'RX24650', '2011-02-18'),
(57472, 'Personal Auto', 'FY13480', '2011-02-18'),
(57473, 'Corporate Auto', 'QK31192', '2011-02-18'),
(57474, 'Personal Auto', 'UV12583', '2011-02-18'),
(57475, 'Special Auto', 'BG84194', '2011-02-18'),
(57476, 'Personal Auto', 'EB59129', '2011-02-18'),
(57477, 'Personal Auto', 'MB83663', '2011-02-18'),
(57478, 'Personal Auto', 'TY26512', '2011-02-18'),
(57479, 'Special Auto', 'PU41393', '2011-02-18'),
(57480, 'Personal Auto', 'QO86948', '2011-02-18'),
(57481, 'Personal Auto', 'VC83809', '2011-02-18'),
(57482, 'Personal Auto', 'KI55845', '2011-02-18'),
(57483, 'Personal Auto', 'DO41287', '2011-02-18'),
(57484, 'Personal Auto', 'LG64797', '2011-02-18'),
(57485, 'Personal Auto', 'HF96939', '2011-02-18'),
(57486, 'Personal Auto', 'XQ19793', '2011-02-18'),
(57487, 'Personal Auto', 'MA47641', '2011-02-18'),
(57488, 'Personal Auto', 'TX98128', '2011-02-18'),
(57489, 'Personal Auto', 'FI45719', '2011-02-18'),
(57490, 'Corporate Auto', 'JN72184', '2011-02-18'),
(57491, 'Personal Auto', 'AI49188', '2011-02-19'),
(57492, 'Personal Auto', 'ZK25313', '2011-02-19'),
(57493, 'Personal Auto', 'OI48267', '2011-02-19'),
(57494, 'Personal Auto', 'MW70227', '2011-02-19'),
(57495, 'Personal Auto', 'IL28481', '2011-02-19'),
(57496, 'Personal Auto', 'PX90263', '2011-02-19'),
(57497, 'Personal Auto', 'ES39217', '2011-02-19'),
(57498, 'Personal Auto', 'XK61304', '2011-02-19'),
(57499, 'Personal Auto', 'EG62398', '2011-02-19'),
(57500, 'Personal Auto', 'AM92343', '2011-02-19'),
(57501, 'Special Auto', 'MK34957', '2011-02-19'),
(57502, 'Personal Auto', 'ZX86243', '2011-02-19'),
(57503, 'Personal Auto', 'XN41715', '2011-02-19'),
(57504, 'Special Auto', 'ST96866', '2011-02-19'),
(57505, 'Special Auto', 'FI20423', '2011-02-19'),
(57506, 'Personal Auto', 'DW96592', '2011-02-19'),
(57507, 'Personal Auto', 'TC44716', '2011-02-19'),
(57508, 'Personal Auto', 'DS45802', '2011-02-19'),
(57509, 'Corporate Auto', 'PO98961', '2011-02-19'),
(57510, 'Corporate Auto', 'HJ79774', '2011-02-19'),
(57511, 'Personal Auto', 'WJ74851', '2011-02-19'),
(57512, 'Personal Auto', 'OA89218', '2011-02-19'),
(57513, 'Personal Auto', 'OF24813', '2011-02-19'),
(57514, 'Personal Auto', 'KN87338', '2011-02-19'),
(57515, 'Personal Auto', 'HS28694', '2011-02-19'),
(57516, 'Corporate Auto', 'EW38459', '2011-02-20'),
(57517, 'Personal Auto', 'UV54502', '2011-02-20'),
(57518, 'Special Auto', 'JK55587', '2011-02-20'),
(57519, 'Personal Auto', 'MZ82036', '2011-02-20'),
(57520, 'Corporate Auto', 'XW96958', '2011-02-20'),
(57521, 'Personal Auto', 'IJ50779', '2011-02-20'),
(57522, 'Corporate Auto', 'YC11951', '2011-02-20'),
(57523, 'Personal Auto', 'YG20683', '2011-02-20'),
(57524, 'Corporate Auto', 'OX36896', '2011-02-20'),
(57525, 'Corporate Auto', 'TP51897', '2011-02-20'),
(57526, 'Corporate Auto', 'OY95739', '2011-02-20'),
(57527, 'Personal Auto', 'XW98867', '2011-02-20'),
(57528, 'Personal Auto', 'LE43061', '2011-02-20'),
(57529, 'Personal Auto', 'UP29839', '2011-02-20'),
(57530, 'Corporate Auto', 'GF94951', '2011-02-20'),
(57531, 'Personal Auto', 'JE71423', '2011-02-20'),
(57532, 'Personal Auto', 'LE65901', '2011-02-20'),
(57533, 'Personal Auto', 'GD55093', '2011-02-20'),
(57534, 'Personal Auto', 'NN68193', '2011-02-20'),
(57535, 'Personal Auto', 'ZR77995', '2011-02-20'),
(57536, 'Special Auto', 'XE66367', '2011-02-20'),
(57537, 'Personal Auto', 'YX90754', '2011-02-20'),
(57538, 'Corporate Auto', 'WB58031', '2011-02-20'),
(57539, 'Personal Auto', 'LM34525', '2011-02-20'),
(57540, 'Personal Auto', 'RB28630', '2011-02-20'),
(57541, 'Personal Auto', 'YL74911', '2011-02-21'),
(57542, 'Personal Auto', 'RI78966', '2011-02-21'),
(57543, 'Corporate Auto', 'VC22097', '2011-02-21'),
(57544, 'Corporate Auto', 'SC66359', '2011-02-21'),
(57545, 'Personal Auto', 'UK41984', '2011-02-21'),
(57546, 'Corporate Auto', 'CV31235', '2011-02-21'),
(57547, 'Special Auto', 'CT83377', '2011-02-21'),
(57548, 'Corporate Auto', 'WS82822', '2011-02-21'),
(57549, 'Corporate Auto', 'LN34660', '2011-02-21'),
(57550, 'Corporate Auto', 'GC15104', '2011-02-21'),
(57551, 'Personal Auto', 'ON39271', '2011-02-21'),
(57552, 'Personal Auto', 'MT23134', '2011-02-21'),
(57553, 'Personal Auto', 'VM92311', '2011-02-21'),
(57554, 'Personal Auto', 'CZ96653', '2011-02-21'),
(57555, 'Personal Auto', 'KP72427', '2011-02-21'),
(57556, 'Corporate Auto', 'SW57539', '2011-02-21'),
(57557, 'Personal Auto', 'KF50730', '2011-02-21'),
(57558, 'Personal Auto', 'KD47243', '2011-02-21'),
(57559, 'Personal Auto', 'SX65826', '2011-02-21'),
(57560, 'Corporate Auto', 'ZB62469', '2011-02-21'),
(57561, 'Personal Auto', 'GT65065', '2011-02-21'),
(57562, 'Special Auto', 'VH43367', '2011-02-21'),
(57563, 'Personal Auto', 'CP32818', '2011-02-21'),
(57564, 'Personal Auto', 'BP83941', '2011-02-21'),
(57565, 'Personal Auto', 'SH51981', '2011-02-21'),
(57566, 'Personal Auto', 'HL53154', '2011-02-22'),
(57567, 'Personal Auto', 'JI71369', '2011-02-22'),
(57568, 'Personal Auto', 'UC33108', '2011-02-22'),
(57569, 'Personal Auto', 'EN61670', '2011-02-22'),
(57570, 'Personal Auto', 'SW31412', '2011-02-22'),
(57571, 'Corporate Auto', 'JY27336', '2011-02-22'),
(57572, 'Personal Auto', 'XR70252', '2011-02-22'),
(57573, 'Personal Auto', 'PR53785', '2011-02-22'),
(57574, 'Special Auto', 'OB96537', '2011-02-22'),
(57575, 'Corporate Auto', 'ME77513', '2011-02-22'),
(57576, 'Personal Auto', 'CA86085', '2011-02-22'),
(57577, 'Personal Auto', 'AW18068', '2011-02-22'),
(57578, 'Personal Auto', 'GH42026', '2011-02-22'),
(57579, 'Personal Auto', 'ZC32510', '2011-02-22'),
(57580, 'Personal Auto', 'EP72155', '2011-02-22'),
(57581, 'Corporate Auto', 'LA80525', '2011-02-22'),
(57582, 'Personal Auto', 'CH97539', '2011-02-22'),
(57583, 'Personal Auto', 'VZ79886', '2011-02-22'),
(57584, 'Personal Auto', 'EI91403', '2011-02-22'),
(57585, 'Personal Auto', 'MD73554', '2011-02-22'),
(57586, 'Personal Auto', 'GG68407', '2011-02-22'),
(57587, 'Personal Auto', 'FU99476', '2011-02-22'),
(57588, 'Personal Auto', 'FX55923', '2011-02-22'),
(57589, 'Personal Auto', 'TH84309', '2011-02-22'),
(57590, 'Personal Auto', 'PB43222', '2011-02-22'),
(57591, 'Personal Auto', 'PD55753', '2011-02-23'),
(57592, 'Personal Auto', 'NV55438', '2011-02-23'),
(57593, 'Personal Auto', 'ZM92052', '2011-02-23'),
(57594, 'Personal Auto', 'NN99001', '2011-02-23'),
(57595, 'Personal Auto', 'XJ96748', '2011-02-23'),
(57596, 'Corporate Auto', 'UC88305', '2011-02-23'),
(57597, 'Personal Auto', 'AS97690', '2011-02-23'),
(57598, 'Corporate Auto', 'ZN34245', '2011-02-23'),
(57599, 'Special Auto', 'UT73461', '2011-02-23'),
(57600, 'Corporate Auto', 'EJ43595', '2011-02-23'),
(57601, 'Corporate Auto', 'WV69362', '2011-02-23'),
(57602, 'Personal Auto', 'NH19236', '2011-02-23'),
(57603, 'Personal Auto', 'MY43761', '2011-02-23'),
(57604, 'Personal Auto', 'VM85555', '2011-02-23'),
(57605, 'Personal Auto', 'BV86143', '2011-02-23'),
(57606, 'Personal Auto', 'OM80593', '2011-02-23'),
(57607, 'Personal Auto', 'KH48996', '2011-02-23'),
(57608, 'Personal Auto', 'TO34442', '2011-02-23'),
(57609, 'Personal Auto', 'SW96063', '2011-02-23'),
(57610, 'Personal Auto', 'RJ99408', '2011-02-23'),
(57611, 'Corporate Auto', 'NP60037', '2011-02-23'),
(57612, 'Personal Auto', 'XM39121', '2011-02-23'),
(57613, 'Corporate Auto', 'HU82227', '2011-02-23'),
(57614, 'Personal Auto', 'PY51000', '2011-02-23'),
(57615, 'Personal Auto', 'ZH93283', '2011-02-23'),
(57616, 'Personal Auto', 'FH85960', '2011-03-01'),
(57617, 'Personal Auto', 'QH48047', '2011-03-01'),
(57618, 'Corporate Auto', 'LW93867', '2011-03-01'),
(57619, 'Personal Auto', 'RR77985', '2011-03-01'),
(57620, 'Personal Auto', 'QA17596', '2011-03-01'),
(57621, 'Personal Auto', 'DI30528', '2011-03-01'),
(57622, 'Personal Auto', 'DB42794', '2011-03-01'),
(57623, 'Corporate Auto', 'ZY90118', '2011-03-01'),
(57624, 'Personal Auto', 'KY14688', '2011-03-01'),
(57625, 'Special Auto', 'CR92802', '2011-03-01'),
(57626, 'Personal Auto', 'RB34917', '2011-03-01'),
(57627, 'Personal Auto', 'FF28650', '2011-03-01'),
(57628, 'Personal Auto', 'NS45347', '2011-03-01'),
(57629, 'Corporate Auto', 'NX18774', '2011-03-01'),
(57630, 'Personal Auto', 'NI44621', '2011-03-01'),
(57631, 'Personal Auto', 'EJ44139', '2011-03-01'),
(57632, 'Personal Auto', 'XR64251', '2011-03-01'),
(57633, 'Personal Auto', 'FT56968', '2011-03-01'),
(57634, 'Personal Auto', 'CC91503', '2011-03-01'),
(57635, 'Personal Auto', 'QO65264', '2011-03-01'),
(57636, 'Special Auto', 'NF35573', '2011-03-01'),
(57637, 'Personal Auto', 'ZY99878', '2011-03-01'),
(57638, 'Corporate Auto', 'HS85465', '2011-03-01'),
(57639, 'Personal Auto', 'SI78985', '2011-03-01'),
(57640, 'Personal Auto', 'WB12017', '2011-03-01'),
(57641, 'Personal Auto', 'HP36979', '2011-03-02'),
(57642, 'Personal Auto', 'CR57148', '2011-03-02'),
(57643, 'Corporate Auto', 'QP84605', '2011-03-02'),
(57644, 'Personal Auto', 'EM29359', '2011-03-02'),
(57645, 'Personal Auto', 'RM24280', '2011-03-02'),
(57646, 'Personal Auto', 'HD95496', '2011-03-02'),
(57647, 'Corporate Auto', 'JY45873', '2011-03-02'),
(57648, 'Personal Auto', 'RP19541', '2011-03-02'),
(57649, 'Corporate Auto', 'DN29808', '2011-03-02'),
(57650, 'Corporate Auto', 'LN50325', '2011-03-02'),
(57651, 'Personal Auto', 'HD95276', '2011-03-02'),
(57652, 'Personal Auto', 'CM95716', '2011-03-02'),
(57653, 'Corporate Auto', 'UQ30615', '2011-03-02'),
(57654, 'Personal Auto', 'YB49933', '2011-03-02'),
(57655, 'Corporate Auto', 'HM76207', '2011-03-02'),
(57656, 'Personal Auto', 'DS97676', '2011-03-02'),
(57657, 'Personal Auto', 'RG30482', '2011-03-02'),
(57658, 'Special Auto', 'FR56877', '2011-03-02'),
(57659, 'Personal Auto', 'VW82067', '2011-03-02'),
(57660, 'Special Auto', 'AC22873', '2011-03-02'),
(57661, 'Corporate Auto', 'XP16538', '2011-03-02'),
(57662, 'Personal Auto', 'KC32511', '2011-03-02'),
(57663, 'Personal Auto', 'BY88757', '2011-03-02'),
(57664, 'Personal Auto', 'EW82164', '2011-03-02'),
(57665, 'Personal Auto', 'DZ45471', '2011-03-02'),
(57666, 'Personal Auto', 'BD35676', '2011-04-01'),
(57667, 'Personal Auto', 'GR62267', '2011-04-01'),
(57668, 'Corporate Auto', 'GL20444', '2011-04-01'),
(57669, 'Corporate Auto', 'SU56153', '2011-04-01'),
(57670, 'Personal Auto', 'YQ15567', '2011-04-01'),
(57671, 'Personal Auto', 'QR15221', '2011-04-01'),
(57672, 'Personal Auto', 'UX92071', '2011-04-01'),
(57673, 'Corporate Auto', 'LV62981', '2011-04-01'),
(57674, 'Corporate Auto', 'ZV93969', '2011-04-01'),
(57675, 'Corporate Auto', 'YJ43481', '2011-04-01'),
(57676, 'Personal Auto', 'IC41932', '2011-04-01'),
(57677, 'Personal Auto', 'RZ24101', '2011-04-01'),
(57678, 'Personal Auto', 'KH44031', '2011-04-01'),
(57679, 'Personal Auto', 'VL80291', '2011-04-01'),
(57680, 'Personal Auto', 'BN74268', '2011-04-01'),
(57681, 'Personal Auto', 'OC80343', '2011-04-01'),
(57682, 'Special Auto', 'WD48852', '2011-04-01'),
(57683, 'Personal Auto', 'JG87029', '2011-04-01'),
(57684, 'Personal Auto', 'OW85480', '2011-04-01'),
(57685, 'Corporate Auto', 'CP30637', '2011-04-01'),
(57686, 'Corporate Auto', 'WJ52097', '2011-04-01'),
(57687, 'Personal Auto', 'AM52614', '2011-04-01'),
(57688, 'Personal Auto', 'MC53402', '2011-04-01'),
(57689, 'Personal Auto', 'FZ24763', '2011-04-01'),
(57690, 'Personal Auto', 'QN44699', '2011-04-01'),
(57691, 'Corporate Auto', 'XX84133', '2011-04-02'),
(57692, 'Personal Auto', 'HO29524', '2011-04-02'),
(57693, 'Personal Auto', 'RO26085', '2011-04-02'),
(57694, 'Corporate Auto', 'RN97635', '2011-04-02'),
(57695, 'Special Auto', 'CP85232', '2011-04-02'),
(57696, 'Personal Auto', 'OT47603', '2011-04-02'),
(57697, 'Personal Auto', 'OS46571', '2011-04-02'),
(57698, 'Personal Auto', 'PU18983', '2011-04-02'),
(57699, 'Corporate Auto', 'UK76891', '2011-04-02'),
(57700, 'Personal Auto', 'MR67738', '2011-04-02'),
(57701, 'Personal Auto', 'OL72737', '2011-04-02'),
(57702, 'Special Auto', 'BM15160', '2011-04-02'),
(57703, 'Personal Auto', 'FA46418', '2011-04-02'),
(57704, 'Personal Auto', 'AL46984', '2011-04-02'),
(57705, 'Personal Auto', 'SZ16483', '2011-04-02'),
(57706, 'Personal Auto', 'WF73839', '2011-04-02'),
(57707, 'Corporate Auto', 'JX19907', '2011-04-02'),
(57708, 'Personal Auto', 'ZZ83340', '2011-04-02'),
(57709, 'Corporate Auto', 'FG46258', '2011-04-02'),
(57710, 'Personal Auto', 'HV93429', '2011-04-02'),
(57711, 'Personal Auto', 'WV66165', '2011-04-02'),
(57712, 'Corporate Auto', 'MG99229', '2011-04-02'),
(57713, 'Personal Auto', 'YA11342', '2011-04-02'),
(57714, 'Personal Auto', 'KY39767', '2011-04-02'),
(57715, 'Personal Auto', 'DI89983', '2011-04-02'),
(57716, 'Personal Auto', 'OE15005', '2011-05-01'),
(57717, 'Personal Auto', 'CW82151', '2011-05-01'),
(57718, 'Personal Auto', 'GL56175', '2011-05-01'),
(57719, 'Personal Auto', 'YM57893', '2011-05-01'),
(57720, 'Personal Auto', 'RE81445', '2011-05-01'),
(57721, 'Personal Auto', 'RQ19236', '2011-05-01'),
(57722, 'Personal Auto', 'KL98495', '2011-05-01'),
(57723, 'Corporate Auto', 'MO56878', '2011-05-01'),
(57724, 'Personal Auto', 'RJ85627', '2011-05-01'),
(57725, 'Special Auto', 'CC31456', '2011-05-01'),
(57726, 'Personal Auto', 'UY18770', '2011-05-01'),
(57727, 'Personal Auto', 'QW47320', '2011-05-01'),
(57728, 'Special Auto', 'LA14484', '2011-05-01'),
(57729, 'Personal Auto', 'OM99303', '2011-05-01'),
(57730, 'Corporate Auto', 'MW62634', '2011-05-01'),
(57731, 'Special Auto', 'XM91635', '2011-05-01'),
(57732, 'Personal Auto', 'XM72420', '2011-05-01'),
(57733, 'Corporate Auto', 'QL77686', '2011-05-01'),
(57734, 'Personal Auto', 'DT77901', '2011-05-01'),
(57735, 'Personal Auto', 'MY80583', '2011-05-01'),
(57736, 'Personal Auto', 'HP50399', '2011-05-01'),
(57737, 'Corporate Auto', 'SS48498', '2011-05-01'),
(57738, 'Personal Auto', 'XD21246', '2011-05-01'),
(57739, 'Personal Auto', 'KK30016', '2011-05-01'),
(57740, 'Personal Auto', 'NP88496', '2011-05-01'),
(57741, 'Personal Auto', 'TL77607', '2011-05-02'),
(57742, 'Personal Auto', 'MM71959', '2011-05-02'),
(57743, 'Personal Auto', 'RX13282', '2011-05-02'),
(57744, 'Corporate Auto', 'XI41106', '2011-05-02'),
(57745, 'Personal Auto', 'ON77827', '2011-05-02'),
(57746, 'Personal Auto', 'VA30351', '2011-05-02'),
(57747, 'Corporate Auto', 'VO38365', '2011-05-02'),
(57748, 'Corporate Auto', 'NR32615', '2011-05-02'),
(57749, 'Personal Auto', 'PU98976', '2011-05-02'),
(57750, 'Personal Auto', 'CS15289', '2011-05-02'),
(57751, 'Corporate Auto', 'UY45293', '2011-05-02'),
(57752, 'Personal Auto', 'GT54462', '2011-05-02'),
(57753, 'Corporate Auto', 'OR48881', '2011-05-02'),
(57754, 'Personal Auto', 'PM13394', '2011-05-02'),
(57755, 'Personal Auto', 'HM20544', '2011-05-02'),
(57756, 'Special Auto', 'MX50302', '2011-05-02'),
(57757, 'Personal Auto', 'BM66931', '2011-05-02'),
(57758, 'Personal Auto', 'UX71137', '2011-05-02'),
(57759, 'Personal Auto', 'TP15362', '2011-05-02'),
(57760, 'Personal Auto', 'LH92841', '2011-05-02'),
(57761, 'Personal Auto', 'OO35641', '2011-05-02'),
(57762, 'Personal Auto', 'FB84235', '2011-05-02'),
(57763, 'Personal Auto', 'QZ17137', '2011-05-02'),
(57764, 'Corporate Auto', 'FV42881', '2011-05-02'),
(57765, 'Personal Auto', 'ER40041', '2011-05-02'),
(57766, 'Personal Auto', 'VQ65197', '2011-06-01'),
(57767, 'Personal Auto', 'OS94884', '2011-06-01'),
(57768, 'Personal Auto', 'TH95618', '2011-06-01'),
(57769, 'Personal Auto', 'TE34064', '2011-06-01'),
(57770, 'Personal Auto', 'OM24164', '2011-06-01'),
(57771, 'Personal Auto', 'KB72438', '2011-06-01'),
(57772, 'Special Auto', 'EK87864', '2011-06-01'),
(57773, 'Personal Auto', 'AI85843', '2011-06-01'),
(57774, 'Corporate Auto', 'XS12556', '2011-06-01'),
(57775, 'Corporate Auto', 'WK23685', '2011-06-01'),
(57776, 'Personal Auto', 'NG66579', '2011-06-01'),
(57777, 'Personal Auto', 'PN18507', '2011-06-01'),
(57778, 'Personal Auto', 'TA34903', '2011-06-01'),
(57779, 'Personal Auto', 'MH40017', '2011-06-01'),
(57780, 'Corporate Auto', 'PN22481', '2011-06-01'),
(57781, 'Personal Auto', 'QA41558', '2011-06-01');
INSERT INTO `polis` (`kodepolis`, `tipepolis`, `kodenasabah`, `tanggal`) VALUES
(57782, 'Personal Auto', 'FS29897', '2011-06-01'),
(57783, 'Personal Auto', 'UQ85283', '2011-06-01'),
(57784, 'Personal Auto', 'AB21519', '2011-06-01'),
(57785, 'Corporate Auto', 'NY97446', '2011-06-01'),
(57786, 'Personal Auto', 'OK50159', '2011-06-01'),
(57787, 'Personal Auto', 'UP97629', '2011-06-01'),
(57788, 'Personal Auto', 'ZG84862', '2011-06-01'),
(57789, 'Corporate Auto', 'TW91179', '2011-06-01'),
(57790, 'Personal Auto', 'IY59173', '2011-06-01'),
(57791, 'Personal Auto', 'DM79012', '2011-06-02'),
(57792, 'Personal Auto', 'LN31673', '2011-06-02'),
(57793, 'Personal Auto', 'NR15332', '2011-06-02'),
(57794, 'Personal Auto', 'RI24911', '2011-06-02'),
(57795, 'Corporate Auto', 'EM66435', '2011-06-02'),
(57796, 'Personal Auto', 'AY40674', '2011-06-02'),
(57797, 'Corporate Auto', 'WU60905', '2011-06-02'),
(57798, 'Personal Auto', 'GN45013', '2011-06-02'),
(57799, 'Personal Auto', 'GF65731', '2011-06-02'),
(57800, 'Corporate Auto', 'ZR25747', '2011-06-02'),
(57801, 'Personal Auto', 'LL62746', '2011-06-02'),
(57802, 'Personal Auto', 'AW73065', '2011-06-02'),
(57803, 'Personal Auto', 'SH55671', '2011-06-02'),
(57804, 'Personal Auto', 'TN50051', '2011-06-02'),
(57805, 'Corporate Auto', 'KM33477', '2011-06-02'),
(57806, 'Personal Auto', 'ZO83562', '2011-06-02'),
(57807, 'Corporate Auto', 'CB58476', '2011-06-02'),
(57808, 'Personal Auto', 'FS76657', '2011-06-02'),
(57809, 'Corporate Auto', 'KJ87930', '2011-06-02'),
(57810, 'Personal Auto', 'VB87946', '2011-06-02'),
(57811, 'Corporate Auto', 'KU61611', '2011-06-02'),
(57812, 'Personal Auto', 'VH62084', '2011-06-02'),
(57813, 'Personal Auto', 'IA15979', '2011-06-02'),
(57814, 'Personal Auto', 'SG32258', '2011-06-02'),
(57815, 'Personal Auto', 'PM61374', '2011-06-02'),
(57816, 'Personal Auto', 'UO98052', '2011-07-01'),
(57817, 'Personal Auto', 'NT89061', '2011-07-01'),
(57818, 'Personal Auto', 'KU56006', '2011-07-01'),
(57819, 'Corporate Auto', 'YH43527', '2011-07-01'),
(57820, 'Corporate Auto', 'QH19450', '2011-07-01'),
(57821, 'Personal Auto', 'MK70700', '2011-07-01'),
(57822, 'Personal Auto', 'QY74517', '2011-07-01'),
(57823, 'Personal Auto', 'FY51713', '2011-07-01'),
(57824, 'Corporate Auto', 'BX94438', '2011-07-01'),
(57825, 'Personal Auto', 'DJ77787', '2011-07-01'),
(57826, 'Personal Auto', 'GM62071', '2011-07-01'),
(57827, 'Personal Auto', 'SU71163', '2011-07-01'),
(57828, 'Corporate Auto', 'EA25683', '2011-07-01'),
(57829, 'Personal Auto', 'MC71942', '2011-07-01'),
(57830, 'Personal Auto', 'YQ99152', '2011-07-01'),
(57831, 'Corporate Auto', 'PM76175', '2011-07-01'),
(57832, 'Corporate Auto', 'UT38865', '2011-07-01'),
(57833, 'Personal Auto', 'FE73696', '2011-07-01'),
(57834, 'Personal Auto', 'SW19699', '2011-07-01'),
(57835, 'Personal Auto', 'YT69858', '2011-07-01'),
(57836, 'Personal Auto', 'SA50567', '2011-07-01'),
(57837, 'Personal Auto', 'UI73201', '2011-07-01'),
(57838, 'Personal Auto', 'YI28422', '2011-07-01'),
(57839, 'Personal Auto', 'RB38792', '2011-07-01'),
(57840, 'Personal Auto', 'TA89713', '2011-07-01'),
(57841, 'Corporate Auto', 'KP34198', '2011-07-02'),
(57842, 'Personal Auto', 'XA55993', '2011-07-02'),
(57843, 'Corporate Auto', 'BU44523', '2011-07-02'),
(57844, 'Personal Auto', 'OZ97704', '2011-07-02'),
(57845, 'Personal Auto', 'BQ51587', '2011-07-02'),
(57846, 'Personal Auto', 'GE87503', '2011-07-02'),
(57847, 'Personal Auto', 'JZ61422', '2011-07-02'),
(57848, 'Personal Auto', 'OJ90342', '2011-07-02'),
(57849, 'Personal Auto', 'EG48956', '2011-07-02'),
(57850, 'Personal Auto', 'TE35785', '2011-07-02'),
(57851, 'Personal Auto', 'LU89008', '2011-07-02'),
(57852, 'Corporate Auto', 'GM16780', '2011-07-02'),
(57853, 'Personal Auto', 'JY90595', '2011-07-02'),
(57854, 'Personal Auto', 'YE68736', '2011-07-02'),
(57855, 'Personal Auto', 'SI26888', '2011-07-02'),
(57856, 'Corporate Auto', 'OX72195', '2011-07-02'),
(57857, 'Personal Auto', 'FG91922', '2011-07-02'),
(57858, 'Personal Auto', 'KU88219', '2011-07-02'),
(57859, 'Corporate Auto', 'NE49052', '2011-07-02'),
(57860, 'Personal Auto', 'TS53809', '2011-07-02'),
(57861, 'Personal Auto', 'NH16984', '2011-07-02'),
(57862, 'Personal Auto', 'FH51383', '2011-07-02'),
(57863, 'Personal Auto', 'GK72076', '2011-07-02'),
(57864, 'Personal Auto', 'EL62967', '2011-07-02'),
(57865, 'Personal Auto', 'QN62502', '2011-07-02'),
(57866, 'Personal Auto', 'KY38074', '2011-08-01'),
(57867, 'Personal Auto', 'MC62068', '2011-08-01'),
(57868, 'Personal Auto', 'ZW84453', '2011-08-01'),
(57869, 'Personal Auto', 'BI76326', '2011-08-01'),
(57870, 'Personal Auto', 'AP98768', '2011-08-01'),
(57871, 'Corporate Auto', 'DW19309', '2011-08-01'),
(57872, 'Personal Auto', 'TT82373', '2011-08-01'),
(57873, 'Personal Auto', 'VP57424', '2011-08-01'),
(57874, 'Personal Auto', 'CQ75652', '2011-08-01'),
(57875, 'Personal Auto', 'TK60799', '2011-08-01'),
(57876, 'Personal Auto', 'XR87264', '2011-08-01'),
(57877, 'Personal Auto', 'WL65572', '2011-08-01'),
(57878, 'Corporate Auto', 'DE28132', '2011-08-01'),
(57879, 'Corporate Auto', 'QD31377', '2011-08-01'),
(57880, 'Corporate Auto', 'VG57728', '2011-08-01'),
(57881, 'Personal Auto', 'DP26592', '2011-08-01'),
(57882, 'Personal Auto', 'AG22225', '2011-08-01'),
(57883, 'Special Auto', 'LS98306', '2011-08-01'),
(57884, 'Personal Auto', 'EP93369', '2011-08-01'),
(57885, 'Personal Auto', 'TD20252', '2011-08-01'),
(57886, 'Personal Auto', 'JU19953', '2011-08-01'),
(57887, 'Personal Auto', 'OJ33945', '2011-08-01'),
(57888, 'Personal Auto', 'DX98298', '2011-08-01'),
(57889, 'Personal Auto', 'EZ74530', '2011-08-01'),
(57890, 'Personal Auto', 'WY57101', '2011-08-01'),
(57891, 'Personal Auto', 'SR38658', '2011-08-02'),
(57892, 'Personal Auto', 'SX26335', '2011-08-02'),
(57893, 'Personal Auto', 'RV98763', '2011-08-02'),
(57894, 'Corporate Auto', 'XV84099', '2011-08-02'),
(57895, 'Personal Auto', 'JC11405', '2011-08-02'),
(57896, 'Personal Auto', 'BV55014', '2011-08-02'),
(57897, 'Corporate Auto', 'VW27730', '2011-08-02'),
(57898, 'Personal Auto', 'SN16059', '2011-08-02'),
(57899, 'Personal Auto', 'GQ66762', '2011-08-02'),
(57900, 'Corporate Auto', 'US85318', '2011-08-02'),
(57901, 'Personal Auto', 'QG15661', '2011-08-02'),
(57902, 'Personal Auto', 'VW46878', '2011-08-02'),
(57903, 'Personal Auto', 'WO78310', '2011-08-02'),
(57904, 'Personal Auto', 'MK52197', '2011-08-02'),
(57905, 'Personal Auto', 'RJ79502', '2011-08-02'),
(57906, 'Personal Auto', 'DT99586', '2011-08-02'),
(57907, 'Personal Auto', 'UW98698', '2011-08-02'),
(57908, 'Personal Auto', 'XT93203', '2011-08-02'),
(57909, 'Personal Auto', 'AV72430', '2011-08-02'),
(57910, 'Personal Auto', 'HR64684', '2011-08-02'),
(57911, 'Personal Auto', 'BU16704', '2011-08-02'),
(57912, 'Personal Auto', 'YU72540', '2011-08-02'),
(57913, 'Corporate Auto', 'XZ64172', '2011-08-02'),
(57914, 'Personal Auto', 'MD43085', '2011-08-02'),
(57915, 'Personal Auto', 'WP58340', '2011-08-02'),
(57916, 'Personal Auto', 'DE75225', '2011-09-01'),
(57917, 'Personal Auto', 'DS81757', '2011-09-01'),
(57918, 'Corporate Auto', 'XC67861', '2011-09-01'),
(57919, 'Personal Auto', 'QR87004', '2011-09-01'),
(57920, 'Personal Auto', 'EN21086', '2011-09-01'),
(57921, 'Personal Auto', 'XX12304', '2011-09-01'),
(57922, 'Personal Auto', 'FE84989', '2011-09-01'),
(57923, 'Personal Auto', 'XI41052', '2011-09-01'),
(57924, 'Corporate Auto', 'DQ10761', '2011-09-01'),
(57925, 'Personal Auto', 'UX38930', '2011-09-01'),
(57926, 'Personal Auto', 'FJ54907', '2011-09-01'),
(57927, 'Corporate Auto', 'PN86062', '2011-09-01'),
(57928, 'Personal Auto', 'BD16530', '2011-09-01'),
(57929, 'Personal Auto', 'PI78084', '2011-09-01'),
(57930, 'Personal Auto', 'TJ20375', '2011-09-01'),
(57931, 'Personal Auto', 'GB35238', '2011-09-01'),
(57932, 'Personal Auto', 'NF31087', '2011-09-01'),
(57933, 'Personal Auto', 'VT63298', '2011-09-01'),
(57934, 'Personal Auto', 'NJ46849', '2011-09-01'),
(57935, 'Personal Auto', 'OD56551', '2011-09-01'),
(57936, 'Personal Auto', 'DQ28641', '2011-09-01'),
(57937, 'Personal Auto', 'NP91656', '2011-09-01'),
(57938, 'Personal Auto', 'VU32116', '2011-09-01'),
(57939, 'Personal Auto', 'IE15348', '2011-09-01'),
(57940, 'Personal Auto', 'YX99200', '2011-09-01'),
(57941, 'Personal Auto', 'BH35016', '2011-09-02'),
(57942, 'Personal Auto', 'JM62924', '2011-09-02'),
(57943, 'Personal Auto', 'NI17718', '2011-09-02'),
(57944, 'Personal Auto', 'ES57969', '2011-09-02'),
(57945, 'Personal Auto', 'UK59698', '2011-09-02'),
(57946, 'Personal Auto', 'CM55703', '2011-09-02'),
(57947, 'Corporate Auto', 'OH64088', '2011-09-02'),
(57948, 'Personal Auto', 'RX12347', '2011-09-02'),
(57949, 'Personal Auto', 'ZF40671', '2011-09-02'),
(57950, 'Corporate Auto', 'JS43228', '2011-09-02'),
(57951, 'Personal Auto', 'JX68983', '2011-09-02'),
(57952, 'Personal Auto', 'YE97964', '2011-09-02'),
(57953, 'Personal Auto', 'HV83672', '2011-09-02'),
(57954, 'Corporate Auto', 'OS75493', '2011-09-02'),
(57955, 'Personal Auto', 'MU23938', '2011-09-02'),
(57956, 'Personal Auto', 'VL34577', '2011-09-02'),
(57957, 'Personal Auto', 'OO63074', '2011-09-02'),
(57958, 'Corporate Auto', 'LW77178', '2011-09-02'),
(57959, 'Personal Auto', 'EG94326', '2011-09-02'),
(57960, 'Personal Auto', 'JW12998', '2011-09-02'),
(57961, 'Personal Auto', 'CU13711', '2011-09-02'),
(57962, 'Corporate Auto', 'YO58424', '2011-09-02'),
(57963, 'Personal Auto', 'HJ15383', '2011-09-02'),
(57964, 'Personal Auto', 'UF37831', '2011-09-02'),
(57965, 'Personal Auto', 'NM62724', '2011-09-02'),
(57966, 'Corporate Auto', 'SJ95423', '2011-10-01'),
(57967, 'Personal Auto', 'DP45816', '2011-10-01'),
(57968, 'Personal Auto', 'IC13702', '2011-10-01'),
(57969, 'Personal Auto', 'JT52858', '2011-10-01'),
(57970, 'Personal Auto', 'CE56187', '2011-10-01'),
(57971, 'Corporate Auto', 'CM88932', '2011-10-01'),
(57972, 'Corporate Auto', 'RA66180', '2011-10-01'),
(57973, 'Corporate Auto', 'NM88660', '2011-10-01'),
(57974, 'Personal Auto', 'IO33050', '2011-10-01'),
(57975, 'Personal Auto', 'FV19421', '2011-10-01'),
(57976, 'Personal Auto', 'NZ15548', '2011-10-01'),
(57977, 'Special Auto', 'KH59823', '2011-10-01'),
(57978, 'Personal Auto', 'DR38127', '2011-10-01'),
(57979, 'Personal Auto', 'BE62503', '2011-10-01'),
(57980, 'Personal Auto', 'UU98729', '2011-10-01'),
(57981, 'Personal Auto', 'MR57294', '2011-10-01'),
(57982, 'Personal Auto', 'OA96690', '2011-10-01'),
(57983, 'Personal Auto', 'VM84548', '2011-10-01'),
(57984, 'Personal Auto', 'OH15771', '2011-10-01'),
(57985, 'Personal Auto', 'BI34376', '2011-10-01'),
(57986, 'Personal Auto', 'KT40899', '2011-10-01'),
(57987, 'Corporate Auto', 'OI29521', '2011-10-01'),
(57988, 'Personal Auto', 'ET79528', '2011-10-01'),
(57989, 'Personal Auto', 'SC93784', '2011-10-01'),
(57990, 'Personal Auto', 'IQ82914', '2011-10-01'),
(57991, 'Personal Auto', 'TX17484', '2011-10-02'),
(57992, 'Personal Auto', 'DJ51510', '2011-10-02'),
(57993, 'Personal Auto', 'IU96845', '2011-10-02'),
(57994, 'Personal Auto', 'EX28656', '2011-10-02'),
(57995, 'Personal Auto', 'ZX23819', '2011-10-02'),
(57996, 'Personal Auto', 'UA19178', '2011-10-02'),
(57997, 'Personal Auto', 'ZK21724', '2011-10-02'),
(57998, 'Corporate Auto', 'SN41301', '2011-10-02'),
(57999, 'Personal Auto', 'OE51254', '2011-10-02'),
(58000, 'Personal Auto', 'DX31066', '2011-10-02'),
(58001, 'Personal Auto', 'IR62668', '2011-10-02'),
(58002, 'Personal Auto', 'VO78441', '2011-10-02'),
(58003, 'Personal Auto', 'TK30357', '2011-10-02'),
(58004, 'Personal Auto', 'TM65736', '2011-10-02'),
(58005, 'Personal Auto', 'UC84059', '2011-10-02'),
(58006, 'Special Auto', 'PZ94551', '2011-10-02'),
(58007, 'Personal Auto', 'IB80924', '2011-10-02'),
(58008, 'Personal Auto', 'ZB50601', '2011-10-02'),
(58009, 'Personal Auto', 'MJ51323', '2011-10-02'),
(58010, 'Personal Auto', 'TM14491', '2011-10-02'),
(58011, 'Personal Auto', 'VD27065', '2011-10-02'),
(58012, 'Special Auto', 'VC54081', '2011-10-02'),
(58013, 'Personal Auto', 'QO79771', '2011-10-02'),
(58014, 'Personal Auto', 'JP12645', '2011-10-02'),
(58015, 'Personal Auto', 'YU86594', '2011-10-02'),
(58016, 'Corporate Auto', 'PY51963', '2011-11-01'),
(58017, 'Personal Auto', 'UG93476', '2011-11-01'),
(58018, 'Special Auto', 'PU25891', '2011-11-01'),
(58019, 'Special Auto', 'AZ95587', '2011-11-01'),
(58020, 'Personal Auto', 'YL83902', '2011-11-01'),
(58021, 'Corporate Auto', 'OY38576', '2011-11-01'),
(58022, 'Personal Auto', 'IP66913', '2011-11-01'),
(58023, 'Personal Auto', 'BH36570', '2011-11-01'),
(58024, 'Corporate Auto', 'HS67749', '2011-11-01'),
(58025, 'Personal Auto', 'BL90769', '2011-11-01'),
(58026, 'Personal Auto', 'CY50337', '2011-11-01'),
(58027, 'Corporate Auto', 'WM65373', '2011-11-01'),
(58028, 'Corporate Auto', 'QC89139', '2011-11-01'),
(58029, 'Personal Auto', 'ZU93025', '2011-11-01'),
(58030, 'Personal Auto', 'WZ53904', '2011-11-01'),
(58031, 'Personal Auto', 'RS24501', '2011-11-01'),
(58032, 'Personal Auto', 'UP71482', '2011-11-01'),
(58033, 'Corporate Auto', 'WZ31900', '2011-11-01'),
(58034, 'Personal Auto', 'UH45301', '2011-11-01'),
(58035, 'Personal Auto', 'EH24828', '2011-11-01'),
(58036, 'Corporate Auto', 'CE12380', '2011-11-01'),
(58037, 'Personal Auto', 'ZD63451', '2011-11-01'),
(58038, 'Personal Auto', 'WU14549', '2011-11-01'),
(58039, 'Corporate Auto', 'MZ16820', '2011-11-01'),
(58040, 'Corporate Auto', 'EO91797', '2011-11-01'),
(58041, 'Corporate Auto', 'LF66923', '2011-11-02'),
(58042, 'Personal Auto', 'FM46980', '2011-11-02'),
(58043, 'Personal Auto', 'NC99948', '2011-11-02'),
(58044, 'Personal Auto', 'LQ68252', '2011-11-02'),
(58045, 'Personal Auto', 'HF75891', '2011-11-02'),
(58046, 'Corporate Auto', 'MP53505', '2011-11-02'),
(58047, 'Personal Auto', 'RV67546', '2011-11-02'),
(58048, 'Corporate Auto', 'DM74502', '2011-11-02'),
(58049, 'Personal Auto', 'TR88637', '2011-11-02'),
(58050, 'Corporate Auto', 'MY13737', '2011-11-02'),
(58051, 'Personal Auto', 'OF78862', '2011-11-02'),
(58052, 'Corporate Auto', 'DU18362', '2011-11-02'),
(58053, 'Personal Auto', 'SI11249', '2011-11-02'),
(58054, 'Corporate Auto', 'RQ11502', '2011-11-02'),
(58055, 'Personal Auto', 'DQ79499', '2011-11-02'),
(58056, 'Personal Auto', 'ZO14864', '2011-11-02'),
(58057, 'Personal Auto', 'KW81128', '2011-11-02'),
(58058, 'Personal Auto', 'AN47199', '2011-11-02'),
(58059, 'Personal Auto', 'CP28581', '2011-11-02'),
(58060, 'Personal Auto', 'IK92617', '2011-11-02'),
(58061, 'Personal Auto', 'KR50062', '2011-11-02'),
(58062, 'Personal Auto', 'IV55977', '2011-11-02'),
(58063, 'Personal Auto', 'IL56791', '2011-11-02'),
(58064, 'Personal Auto', 'ST27958', '2011-11-02'),
(58065, 'Personal Auto', 'DQ50538', '2011-11-02'),
(58066, 'Corporate Auto', 'XK64261', '2011-12-01'),
(58067, 'Personal Auto', 'SH36774', '2011-12-01'),
(58068, 'Corporate Auto', 'GJ59592', '2011-12-01'),
(58069, 'Personal Auto', 'EI46264', '2011-12-01'),
(58070, 'Personal Auto', 'QL93655', '2011-12-01'),
(58071, 'Personal Auto', 'RA70851', '2011-12-01'),
(58072, 'Personal Auto', 'GB33195', '2011-12-01'),
(58073, 'Personal Auto', 'ML82674', '2011-12-01'),
(58074, 'Personal Auto', 'QR15857', '2011-12-01'),
(58075, 'Personal Auto', 'LK74984', '2011-12-01'),
(58076, 'Personal Auto', 'AL96740', '2011-12-01'),
(58077, 'Personal Auto', 'XP11075', '2011-12-01'),
(58078, 'Personal Auto', 'EX46492', '2011-12-01'),
(58079, 'Corporate Auto', 'WO94087', '2011-12-01'),
(58080, 'Personal Auto', 'NM42917', '2011-12-01'),
(58081, 'Personal Auto', 'HF75276', '2011-12-01'),
(58082, 'Personal Auto', 'KG81168', '2011-12-01'),
(58083, 'Corporate Auto', 'UD47050', '2011-12-01'),
(58084, 'Personal Auto', 'XS22323', '2011-12-01'),
(58085, 'Corporate Auto', 'IV74747', '2011-12-01'),
(58086, 'Personal Auto', 'QK18099', '2011-12-01'),
(58087, 'Personal Auto', 'XX29952', '2011-12-01'),
(58088, 'Personal Auto', 'TG68823', '2011-12-01'),
(58089, 'Personal Auto', 'SF29724', '2011-12-01'),
(58090, 'Personal Auto', 'ZY33234', '2011-12-01'),
(58091, 'Personal Auto', 'TC78849', '2011-12-02'),
(58092, 'Personal Auto', 'BG15419', '2011-12-02'),
(58093, 'Personal Auto', 'PU41872', '2011-12-02'),
(58094, 'Personal Auto', 'KQ65521', '2011-12-02'),
(58095, 'Personal Auto', 'XO36233', '2011-12-02'),
(58096, 'Personal Auto', 'AB31813', '2011-12-02'),
(58097, 'Personal Auto', 'PU85769', '2011-12-02'),
(58098, 'Corporate Auto', 'YG44474', '2011-12-02'),
(58099, 'Corporate Auto', 'YX15941', '2011-12-02'),
(58100, 'Personal Auto', 'PH77560', '2011-12-02'),
(58101, 'Personal Auto', 'MU79385', '2011-12-02'),
(58102, 'Personal Auto', 'TA75663', '2011-12-02'),
(58103, 'Personal Auto', 'VO87785', '2011-12-02'),
(58104, 'Personal Auto', 'MZ24175', '2011-12-02'),
(58105, 'Personal Auto', 'PO90615', '2011-12-02'),
(58106, 'Personal Auto', 'BM69818', '2011-12-02'),
(58107, 'Personal Auto', 'QN15356', '2011-12-02'),
(58108, 'Corporate Auto', 'IA52178', '2011-12-02'),
(58109, 'Personal Auto', 'PA48777', '2011-12-02'),
(58110, 'Personal Auto', 'KZ22690', '2011-12-02'),
(58111, 'Personal Auto', 'WH82416', '2011-12-02'),
(58112, 'Personal Auto', 'IB41597', '2011-12-02'),
(58113, 'Personal Auto', 'KG83280', '2011-12-02'),
(58114, 'Personal Auto', 'MK73855', '2011-12-02'),
(58115, 'Personal Auto', 'LS51818', '2011-12-02');

-- --------------------------------------------------------

--
-- Struktur dari tabel `premi`
--

CREATE TABLE `premi` (
  `kodepremi` varchar(10) NOT NULL,
  `kodenasabah` varchar(15) NOT NULL,
  `nomorkendaraan` varchar(11) NOT NULL,
  `tipepolis` varchar(20) NOT NULL,
  `tanggal` date NOT NULL,
  `total` decimal(10,2) NOT NULL
) ENGINE=InnoDB DEFAULT CHARSET=latin1;

--
-- Dumping data untuk tabel `premi`
--

INSERT INTO `premi` (`kodepremi`, `kodenasabah`, `nomorkendaraan`, `tipepolis`, `tanggal`, `total`) VALUES
('201111', 'TM23514', '8979', 'Personal Auto', '2011-01-01', '580.47'),
('201112', 'WB38524', '8980', 'Personal Auto', '2011-01-01', '355.20'),
('201113', 'QZ42725', '8981', 'Personal Auto', '2011-01-01', '460.80'),
('201114', 'SG81493', '8982', 'Corporate Auto', '2011-01-01', '251.77'),
('201115', 'QP80741', '8983', 'Corporate Auto', '2011-01-01', '292.80'),
('201116', 'FN69743', '8984', 'Corporate Auto', '2011-01-01', '316.80'),
('201117', 'BW52697', '8985', 'Personal Auto', '2011-01-01', '301.44'),
('201118', 'WP41146', '8986', 'Personal Auto', '2011-01-01', '345.60'),
('201119', 'HP55391', '8987', 'Corporate Auto', '2011-01-01', '408.00'),
('201120', 'US45383', '8988', 'Personal Auto', '2011-01-01', '489.60'),
('201121', 'XC16387', '8989', 'Personal Auto', '2011-01-01', '25.93'),
('201122', 'VU53417', '8990', 'Personal Auto', '2011-01-01', '475.20'),
('201123', 'KR62797', '8991', 'Personal Auto', '2011-01-01', '542.40'),
('201124', 'SV34223', '8992', 'Personal Auto', '2011-01-01', '350.40'),
('201125', 'JO13576', '8993', 'Personal Auto', '2011-01-01', '348.28'),
('201126', 'AC75391', '8994', 'Corporate Auto', '2011-01-01', '418.93'),
('201127', 'LP47259', '8995', 'Corporate Auto', '2011-01-01', '871.20'),
('201128', 'VF21395', '8996', 'Personal Auto', '2011-01-01', '316.80'),
('201129', 'JG36165', '8997', 'Personal Auto', '2011-01-01', '904.39'),
('201130', 'TC84427', '8998', 'Personal Auto', '2011-01-01', '294.28'),
('201131', 'LI85491', '8999', 'Personal Auto', '2011-01-01', '727.20'),
('201132', 'VE55982', '9000', 'Corporate Auto', '2011-01-01', '373.88'),
('201133', 'EF87528', '9001', 'Special Auto', '2011-01-01', '316.80'),
('201134', 'EP18940', '9002', 'Personal Auto', '2011-01-01', '412.80'),
('201135', 'TH68362', '9003', 'Corporate Auto', '2011-01-01', '380.82'),
('201136', 'DZ87709', '9004', 'Personal Auto', '2011-01-02', '29.03'),
('201137', 'CJ15590', '9005', 'Personal Auto', '2011-01-02', '321.60'),
('201138', 'YC43143', '9006', 'Personal Auto', '2011-01-02', '99.26'),
('201139', 'YM50253', '9007', 'Personal Auto', '2011-01-02', '316.60'),
('201140', 'RU49126', '9008', 'Personal Auto', '2011-01-02', '215.82'),
('201141', 'HI14283', '9009', 'Personal Auto', '2011-01-02', '729.60'),
('201142', 'WV17090', '9010', 'Corporate Auto', '2011-01-02', '830.62'),
('201143', 'XV21647', '9011', 'Personal Auto', '2011-01-02', '806.40'),
('201144', 'QQ90441', '9012', 'Personal Auto', '2011-01-02', '556.80'),
('201145', 'YC80498', '9013', 'Personal Auto', '2011-01-02', '362.77'),
('201146', 'ZZ97035', '9014', 'Corporate Auto', '2011-01-02', '2027.72'),
('201147', 'TA82973', '9015', 'Personal Auto', '2011-01-02', '117.96'),
('201148', 'BI38192', '9016', 'Personal Auto', '2011-01-02', '321.60'),
('201149', 'XT36360', '9017', 'Personal Auto', '2011-01-02', '460.80'),
('201150', 'JH73503', '9018', 'Personal Auto', '2011-01-02', '350.40'),
('201151', 'KJ86296', '9019', 'Personal Auto', '2011-01-02', '525.60'),
('201152', 'GR26937', '9020', 'Corporate Auto', '2011-01-02', '76.11'),
('201153', 'QV19964', '9021', 'Personal Auto', '2011-01-02', '192.21'),
('201154', 'TI47802', '9022', 'Personal Auto', '2011-01-02', '331.20'),
('201155', 'TP41703', '9023', 'Personal Auto', '2011-01-02', '496.80'),
('201156', 'MY88518', '9024', 'Personal Auto', '2011-01-02', '441.60'),
('201157', 'YY11432', '9025', 'Personal Auto', '2011-01-02', '159.00'),
('201158', 'FS42690', '9026', 'Personal Auto', '2011-01-02', '451.20'),
('201159', 'SB99002', '9027', 'Corporate Auto', '2011-01-02', '154.75'),
('201160', 'MQ15074', '9028', 'Personal Auto', '2011-01-02', '578.50'),
('201161', 'GO36627', '9029', 'Special Auto', '2011-01-13', '424.08'),
('201162', 'GK73582', '9030', 'Personal Auto', '2011-01-13', '206.84'),
('201163', 'MF82000', '9031', 'Special Auto', '2011-01-13', '159.64'),
('201164', 'XH85336', '9032', 'Personal Auto', '2011-01-13', '331.20'),
('201165', 'SV38190', '9033', 'Personal Auto', '2011-01-13', '467.25'),
('201166', 'MY97912', '9034', 'Personal Auto', '2011-01-13', '609.60'),
('201167', 'UI55951', '9035', 'Personal Auto', '2011-01-13', '331.20'),
('201168', 'JF57282', '9036', 'Personal Auto', '2011-01-13', '657.60'),
('201169', 'ZC24631', '9037', 'Corporate Auto', '2011-01-13', '94.81'),
('201170', 'YR34689', '9038', 'Personal Auto', '2011-01-13', '456.00'),
('201171', 'EI71732', '9039', 'Personal Auto', '2011-01-13', '481.03'),
('201172', 'HT16519', '9040', 'Personal Auto', '2011-01-13', '485.29'),
('201173', 'RY92647', '9041', 'Personal Auto', '2011-01-13', '546.52'),
('201174', 'RY92254', '9042', 'Personal Auto', '2011-01-13', '801.58'),
('201175', 'NK91488', '9043', 'Personal Auto', '2011-01-13', '326.40'),
('201176', 'BW25236', '9044', 'Personal Auto', '2011-01-13', '247.91'),
('201177', 'CK40732', '9045', 'Special Auto', '2011-01-13', '741.60'),
('201178', 'EP61084', '9046', 'Personal Auto', '2011-01-13', '87.86'),
('201179', 'GY74661', '9047', 'Personal Auto', '2011-01-13', '126.78'),
('201180', 'JW24035', '9048', 'Personal Auto', '2011-01-13', '407.00'),
('201181', 'SR30440', '9049', 'Personal Auto', '2011-01-13', '757.59'),
('201182', 'LT89398', '9050', 'Personal Auto', '2011-01-13', '441.60'),
('201183', 'KP65334', '9051', 'Corporate Auto', '2011-01-13', '783.43'),
('201184', 'QD73891', '9052', 'Personal Auto', '2011-01-13', '316.80'),
('201185', 'QP56563', '9053', 'Personal Auto', '2011-01-13', '124.93'),
('201186', 'FL50705', '9054', 'Corporate Auto', '2011-01-14', '484.80'),
('201187', 'CN24514', '9055', 'Personal Auto', '2011-01-14', '99.09'),
('201188', 'FO35655', '9056', 'Corporate Auto', '2011-01-14', '2345.41'),
('201189', 'NC53424', '9057', 'Personal Auto', '2011-01-14', '331.20'),
('201190', 'HR85211', '9058', 'Personal Auto', '2011-01-14', '94.03'),
('201191', 'TR67616', '9059', 'Corporate Auto', '2011-01-14', '19.94'),
('201192', 'HB67642', '9060', 'Personal Auto', '2011-01-14', '523.20'),
('201193', 'XH97711', '9061', 'Corporate Auto', '2011-01-14', '179.16'),
('201194', 'VM13430', '9062', 'Corporate Auto', '2011-01-14', '289.04'),
('201195', 'OY51402', '9063', 'Personal Auto', '2011-01-14', '59.99'),
('201196', 'UK25655', '9064', 'Personal Auto', '2011-01-14', '212.39'),
('201197', 'VY79030', '9065', 'Corporate Auto', '2011-01-14', '340.80'),
('201198', 'PN98247', '9066', 'Personal Auto', '2011-01-14', '1008.00'),
('201199', 'QA85890', '9067', 'Corporate Auto', '2011-01-14', '540.51'),
('201200', 'XC15133', '9068', 'Personal Auto', '2011-01-14', '42.69'),
('201201', 'FY62633', '9069', 'Personal Auto', '2011-01-14', '432.00'),
('201202', 'QE12539', '9070', 'Personal Auto', '2011-01-14', '504.00'),
('201203', 'AH65907', '9071', 'Personal Auto', '2011-01-14', '340.80'),
('201204', 'QA41472', '9072', 'Personal Auto', '2011-01-14', '389.67'),
('201205', 'VM85856', '9073', 'Personal Auto', '2011-01-14', '42.69'),
('201206', 'BD77090', '9074', 'Personal Auto', '2011-01-14', '289.04'),
('201207', 'HI41970', '9075', 'Special Auto', '2011-01-14', '8.08'),
('201208', 'XK15687', '9076', 'Personal Auto', '2011-01-14', '323.64'),
('201209', 'JY87538', '9077', 'Personal Auto', '2011-01-14', '346.85'),
('201210', 'RU50098', '9078', 'Personal Auto', '2011-01-14', '42.69'),
('201211', 'SK55033', '9079', 'Personal Auto', '2011-01-15', '368.40'),
('201212', 'RB81636', '9080', 'Personal Auto', '2011-01-15', '606.64'),
('201213', 'VE89726', '9081', 'Personal Auto', '2011-01-15', '856.80'),
('201214', 'RZ13254', '9082', 'Personal Auto', '2011-01-15', '350.40'),
('201215', 'OY74069', '9083', 'Personal Auto', '2011-01-15', '321.60'),
('201216', 'GL67540', '9084', 'Personal Auto', '2011-01-15', '268.82'),
('201217', 'DF95759', '9085', 'Personal Auto', '2011-01-15', '633.60'),
('201218', 'WT43034', '9086', 'Personal Auto', '2011-01-15', '792.00'),
('201219', 'TC14209', '9087', 'Personal Auto', '2011-01-15', '921.60'),
('201220', 'NG27780', '9088', 'Corporate Auto', '2011-01-15', '63.04'),
('201221', 'JJ76159', '9089', 'Corporate Auto', '2011-01-15', '8.58'),
('201222', 'RM42344', '9090', 'Personal Auto', '2011-01-15', '331.20'),
('201223', 'RN78170', '9091', 'Corporate Auto', '2011-01-15', '331.20'),
('201224', 'QC55306', '9092', 'Personal Auto', '2011-01-15', '344.12'),
('201225', 'AS55677', '9093', 'Personal Auto', '2011-01-15', '54.07'),
('201226', 'CH85057', '9094', 'Personal Auto', '2011-01-15', '540.14'),
('201227', 'SI31236', '9095', 'Corporate Auto', '2011-01-15', '312.00'),
('201228', 'OV50124', '9096', 'Personal Auto', '2011-01-15', '391.64'),
('201229', 'MY31220', '9097', 'Personal Auto', '2011-01-15', '537.60'),
('201230', 'IA96447', '9098', 'Personal Auto', '2011-01-15', '801.60'),
('201231', 'BT76268', '9099', 'Personal Auto', '2011-01-15', '355.20'),
('201232', 'VG56765', '9100', 'Personal Auto', '2011-01-15', '114.27'),
('201233', 'UW37050', '9101', 'Personal Auto', '2011-01-15', '632.94'),
('201234', 'SJ74501', '9102', 'Personal Auto', '2011-01-15', '234.23'),
('201235', 'GE29173', '9103', 'Corporate Auto', '2011-01-15', '1448.99'),
('201236', 'GK71720', '9104', 'Personal Auto', '2011-01-16', '545.24'),
('201237', 'YJ88573', '9105', 'Personal Auto', '2011-01-16', '302.40'),
('201238', 'HT87217', '9106', 'Personal Auto', '2011-01-16', '256.81'),
('201239', 'WV76014', '9107', 'Special Auto', '2011-01-16', '92.81'),
('201240', 'DA69469', '9108', 'Personal Auto', '2011-01-16', '113.37'),
('201241', 'UG34438', '9109', 'Personal Auto', '2011-01-16', '311.10'),
('201242', 'PM19162', '9110', 'Personal Auto', '2011-01-16', '375.87'),
('201243', 'XV95530', '9111', 'Personal Auto', '2011-01-16', '74.52'),
('201244', 'WR63188', '9112', 'Personal Auto', '2011-01-16', '419.46'),
('201245', 'RT65829', '9113', 'Personal Auto', '2011-01-16', '523.20'),
('201246', 'OH55411', '9114', 'Corporate Auto', '2011-01-16', '547.20'),
('201247', 'ND41876', '9115', 'Personal Auto', '2011-01-16', '873.60'),
('201248', 'SP58110', '9116', 'Personal Auto', '2011-01-16', '302.40'),
('201249', 'CW49887', '9117', 'Special Auto', '2011-01-16', '547.20'),
('201250', 'OU62604', '9118', 'Personal Auto', '2011-01-16', '525.60'),
('201251', 'FN50615', '9119', 'Personal Auto', '2011-01-16', '628.50'),
('201252', 'EN38348', '9120', 'Personal Auto', '2011-01-16', '192.14'),
('201253', 'RC95515', '9121', 'Personal Auto', '2011-01-16', '185.06'),
('201254', 'WV79842', '9122', 'Personal Auto', '2011-01-16', '1128.00'),
('201255', 'CV48634', '9123', 'Personal Auto', '2011-01-16', '237.90'),
('201256', 'DE18949', '9124', 'Corporate Auto', '2011-01-16', '135.79'),
('201257', 'GP67816', '9125', 'Personal Auto', '2011-01-16', '481.27'),
('201258', 'AN67558', '9126', 'Personal Auto', '2011-01-16', '734.40'),
('201259', 'EQ59908', '9127', 'Corporate Auto', '2011-01-16', '326.28'),
('201260', 'SN23932', '9128', 'Personal Auto', '2011-01-16', '326.28'),
('201261', 'BW63560', '9129', 'Corporate Auto', '2011-01-17', '42.92'),
('201262', 'WE95729', '9130', 'Personal Auto', '2011-01-17', '593.83'),
('201263', 'CZ33664', '9131', 'Corporate Auto', '2011-01-17', '11.88'),
('201264', 'KR43119', '9132', 'Personal Auto', '2011-01-17', '316.80'),
('201265', 'RA88421', '9133', 'Personal Auto', '2011-01-17', '369.60'),
('201266', 'KU84464', '9134', 'Personal Auto', '2011-01-17', '64.55'),
('201267', 'IB67546', '9135', 'Personal Auto', '2011-01-17', '513.60'),
('201268', 'QW67581', '9136', 'Personal Auto', '2011-01-17', '331.20'),
('201269', 'IS50283', '9137', 'Corporate Auto', '2011-01-17', '345.60'),
('201270', 'GN46207', '9138', 'Personal Auto', '2011-01-17', '513.60'),
('201271', 'VT78274', '9139', 'Personal Auto', '2011-01-17', '480.16'),
('201272', 'YI92916', '9140', 'Corporate Auto', '2011-01-17', '443.67'),
('201273', 'ZQ59828', '9141', 'Personal Auto', '2011-01-17', '218.60'),
('201274', 'BA17836', '9142', 'Corporate Auto', '2011-01-17', '159.39'),
('201275', 'SE28250', '9143', 'Special Auto', '2011-01-17', '336.00'),
('201276', 'HP94242', '9144', 'Personal Auto', '2011-01-17', '316.80'),
('201277', 'WI69346', '9145', 'Corporate Auto', '2011-01-17', '305.65'),
('201278', 'NT59303', '9146', 'Personal Auto', '2011-01-17', '1228.80'),
('201279', 'YD48962', '9147', 'Personal Auto', '2011-01-17', '513.60'),
('201280', 'YP40334', '9148', 'Personal Auto', '2011-01-17', '358.77'),
('201281', 'AA71604', '9149', 'Personal Auto', '2011-01-17', '470.40'),
('201282', 'PV55726', '9150', 'Personal Auto', '2011-01-17', '513.60'),
('201283', 'KC71643', '9151', 'Corporate Auto', '2011-01-17', '292.80'),
('201284', 'WA97671', '9152', 'Personal Auto', '2011-01-17', '302.40'),
('201285', 'WX33904', '9153', 'Special Auto', '2011-01-17', '292.80'),
('201286', 'CF85061', '9154', 'Corporate Auto', '2011-01-18', '363.03'),
('201287', 'IL66569', '9155', 'Corporate Auto', '2011-01-18', '307.14'),
('201288', 'QG25316', '9156', 'Corporate Auto', '2011-01-18', '484.32'),
('201289', 'SH90947', '9157', 'Personal Auto', '2011-01-18', '313.02'),
('201290', 'AO98601', '9158', 'Corporate Auto', '2011-01-18', '302.40'),
('201291', 'BN87372', '9159', 'Personal Auto', '2011-01-18', '467.80'),
('201292', 'BE10809', '9160', 'Personal Auto', '2011-01-18', '292.80'),
('201293', 'ZX64745', '9161', 'Personal Auto', '2011-01-18', '1124.43'),
('201294', 'ZU18643', '9162', 'Corporate Auto', '2011-01-18', '251.99'),
('201295', 'ID20929', '9163', 'Corporate Auto', '2011-01-18', '418.23'),
('201296', 'RM41745', '9164', 'Personal Auto', '2011-01-18', '1002.78'),
('201297', 'LC25393', '9165', 'Personal Auto', '2011-01-18', '151.53'),
('201298', 'PW73754', '9166', 'Personal Auto', '2011-01-18', '82.04'),
('201299', 'QT25383', '9167', 'Personal Auto', '2011-01-18', '430.38'),
('201300', 'KI19439', '9168', 'Personal Auto', '2011-01-18', '316.80'),
('201301', 'OR40060', '9169', 'Personal Auto', '2011-01-18', '131.83'),
('201302', 'BZ65376', '9170', 'Personal Auto', '2011-01-18', '2893.24'),
('201303', 'EC71986', '9171', 'Personal Auto', '2011-01-18', '367.93'),
('201304', 'DK32872', '9172', 'Personal Auto', '2011-01-18', '628.80'),
('201305', 'ET64028', '9173', 'Personal Auto', '2011-01-18', '475.20'),
('201306', 'OZ92426', '9174', 'Corporate Auto', '2011-01-18', '199.37'),
('201307', 'BS13111', '9175', 'Personal Auto', '2011-01-18', '315.95'),
('201308', 'OD18225', '9176', 'Personal Auto', '2011-01-18', '403.20'),
('201309', 'HL63895', '9177', 'Personal Auto', '2011-01-18', '171.38'),
('201310', 'TJ48439', '9178', 'Personal Auto', '2011-01-18', '508.70'),
('201311', 'AU96286', '9179', 'Corporate Auto', '2011-01-19', '662.40'),
('201312', 'MN94234', '9180', 'Personal Auto', '2011-01-19', '451.20'),
('201313', 'JA41698', '9181', 'Corporate Auto', '2011-01-19', '862.76'),
('201314', 'EW33419', '9182', 'Corporate Auto', '2011-01-19', '480.00'),
('201315', 'TO96662', '9183', 'Personal Auto', '2011-01-19', '142.06'),
('201316', 'NK71023', '9184', 'Personal Auto', '2011-01-19', '408.00'),
('201317', 'KP18988', '9185', 'Personal Auto', '2011-01-19', '484.80'),
('201318', 'SD64087', '9186', 'Corporate Auto', '2011-01-19', '912.00'),
('201319', 'QC87108', '9187', 'Personal Auto', '2011-01-19', '355.20'),
('201320', 'PX70175', '9188', 'Personal Auto', '2011-01-19', '655.41'),
('201321', 'ZU73588', '9189', 'Personal Auto', '2011-01-19', '739.20'),
('201322', 'NE60110', '9190', 'Personal Auto', '2011-01-19', '739.20'),
('201323', 'KI75855', '9191', 'Personal Auto', '2011-01-19', '392.24'),
('201324', 'TM98684', '9192', 'Personal Auto', '2011-01-19', '297.60'),
('201325', 'YM43461', '9193', 'Personal Auto', '2011-01-19', '734.40'),
('201326', 'XF57481', '9194', 'Personal Auto', '2011-01-19', '135.89'),
('201327', 'QG15435', '9195', 'Personal Auto', '2011-01-19', '136.79'),
('201328', 'FB80807', '9196', 'Personal Auto', '2011-01-19', '345.60'),
('201329', 'VK48036', '9197', 'Corporate Auto', '2011-01-19', '336.00'),
('201330', 'OK56965', '9198', 'Personal Auto', '2011-01-19', '825.66'),
('201331', 'TW64385', '9199', 'Corporate Auto', '2011-01-19', '345.60'),
('201332', 'RK24470', '9200', 'Corporate Auto', '2011-01-19', '262.05'),
('201333', 'ZS96174', '9201', 'Personal Auto', '2011-01-19', '312.00'),
('201334', 'HC20975', '9202', 'Personal Auto', '2011-01-19', '345.60'),
('201335', 'HC74532', '9203', 'Corporate Auto', '2011-01-19', '389.75'),
('201336', 'KA61892', '9204', 'Personal Auto', '2011-01-20', '701.71'),
('201337', 'JF36291', '9205', 'Personal Auto', '2011-01-20', '701.71'),
('201338', 'NL93182', '9206', 'Corporate Auto', '2011-01-20', '845.65'),
('201339', 'PX17116', '9207', 'Corporate Auto', '2011-01-20', '1171.93'),
('201340', 'DP46882', '9208', 'Corporate Auto', '2011-01-20', '486.28'),
('201341', 'TR85083', '9209', 'Personal Auto', '2011-01-20', '336.00'),
('201342', 'RI53167', '9210', 'Personal Auto', '2011-01-20', '292.80'),
('201343', 'UK68427', '9211', 'Personal Auto', '2011-01-20', '398.40'),
('201344', 'EI85244', '9212', 'Personal Auto', '2011-01-20', '643.20'),
('201345', 'QW87316', '9213', 'Personal Auto', '2011-01-20', '244.56'),
('201346', 'VC87846', '9214', 'Corporate Auto', '2011-01-20', '460.80'),
('201347', 'JB50798', '9215', 'Corporate Auto', '2011-01-20', '595.20'),
('201348', 'YD74948', '9216', 'Personal Auto', '2011-01-20', '208.60'),
('201349', 'NV61299', '9217', 'Corporate Auto', '2011-01-20', '395.73'),
('201350', 'IA62027', '9218', 'Personal Auto', '2011-01-20', '468.00'),
('201351', 'GF17866', '9219', 'Corporate Auto', '2011-01-20', '701.71'),
('201352', 'EK91340', '9220', 'Corporate Auto', '2011-01-20', '926.40'),
('201353', 'FY40655', '9221', 'Personal Auto', '2011-01-20', '868.80'),
('201354', 'NM39588', '9222', 'Corporate Auto', '2011-01-20', '84.22'),
('201355', 'YG10247', '9223', 'Personal Auto', '2011-01-20', '307.20'),
('201356', 'WH32183', '9224', 'Personal Auto', '2011-01-20', '4.11'),
('201357', 'BJ53923', '9225', 'Corporate Auto', '2011-01-20', '144.78'),
('201358', 'VC68509', '9226', 'Personal Auto', '2011-01-20', '46.39'),
('201359', 'LT32391', '9227', 'Personal Auto', '2011-01-20', '257.25'),
('201360', 'CY47265', '9228', 'Personal Auto', '2011-01-20', '486.28'),
('201361', 'OX28638', '9229', 'Personal Auto', '2011-01-21', '465.63'),
('201362', 'UH65059', '9230', 'Personal Auto', '2011-01-21', '523.20'),
('201363', 'CC15295', '9231', 'Personal Auto', '2011-01-21', '393.60'),
('201364', 'TW43626', '9232', 'Personal Auto', '2011-01-21', '327.02'),
('201365', 'WO90953', '9233', 'Personal Auto', '2011-01-21', '326.55'),
('201366', 'NW54906', '9234', 'Personal Auto', '2011-01-21', '612.30'),
('201367', 'AO74776', '9235', 'Personal Auto', '2011-01-21', '566.40'),
('201368', 'HB85743', '9236', 'Personal Auto', '2011-01-21', '133.43'),
('201369', 'FK75497', '9237', 'Personal Auto', '2011-01-21', '42.25'),
('201370', 'LB25094', '9238', 'Special Auto', '2011-01-21', '61.77'),
('201371', 'JC29295', '9239', 'Personal Auto', '2011-01-21', '361.28'),
('201372', 'XD19546', '9240', 'Personal Auto', '2011-01-21', '523.20'),
('201373', 'TV82603', '9241', 'Personal Auto', '2011-01-21', '881.36'),
('201374', 'EF52978', '9242', 'Personal Auto', '2011-01-21', '297.60'),
('201375', 'YV67971', '9243', 'Personal Auto', '2011-01-21', '74.35'),
('201376', 'ZQ11381', '9244', 'Personal Auto', '2011-01-21', '262.50'),
('201377', 'KN21017', '9245', 'Personal Auto', '2011-01-21', '275.99'),
('201378', 'LC44944', '9246', 'Personal Auto', '2011-01-21', '813.60'),
('201379', 'PI47776', '9247', 'Corporate Auto', '2011-01-21', '61.77'),
('201380', 'VJ51327', '9248', 'Personal Auto', '2011-01-21', '207.32'),
('201381', 'QM38267', '9249', 'Personal Auto', '2011-01-21', '316.80'),
('201382', 'YH43996', '9250', 'Personal Auto', '2011-01-21', '727.20'),
('201383', 'PX60116', '9251', 'Corporate Auto', '2011-01-21', '537.60'),
('201384', 'GO14008', '9252', 'Personal Auto', '2011-01-21', '321.60'),
('201385', 'WC35554', '9253', 'Personal Auto', '2011-01-21', '466.32'),
('201386', 'RK96223', '9254', 'Personal Auto', '2011-01-22', '528.00'),
('201387', 'DE34457', '9255', 'Personal Auto', '2011-01-22', '481.34'),
('201388', 'IC43478', '9256', 'Personal Auto', '2011-01-22', '639.11'),
('201389', 'SV50502', '9257', 'Corporate Auto', '2011-01-22', '331.20'),
('201390', 'UF88986', '9258', 'Personal Auto', '2011-01-22', '345.60'),
('201391', 'JK32620', '9259', 'Personal Auto', '2011-01-22', '326.40'),
('201392', 'NQ86532', '9260', 'Personal Auto', '2011-01-22', '475.20'),
('201393', 'SW79912', '9261', 'Personal Auto', '2011-01-22', '312.00'),
('201394', 'ZZ91716', '9262', 'Personal Auto', '2011-01-22', '491.76'),
('201395', 'GP18756', '9263', 'Personal Auto', '2011-01-22', '441.60'),
('201396', 'RV15398', '9264', 'Personal Auto', '2011-01-22', '417.60'),
('201397', 'QW33258', '9265', 'Personal Auto', '2011-01-22', '1360.80'),
('201398', 'QQ89253', '9266', 'Personal Auto', '2011-01-22', '643.20'),
('201399', 'SL50592', '9267', 'Corporate Auto', '2011-01-22', '404.27'),
('201400', 'NU32697', '9268', 'Corporate Auto', '2011-01-22', '518.40'),
('201401', 'NZ57065', '9269', 'Personal Auto', '2011-01-22', '283.97'),
('201402', 'OB77084', '9270', 'Personal Auto', '2011-01-22', '292.80'),
('201403', 'TJ30354', '9271', 'Personal Auto', '2011-01-22', '321.60'),
('201404', 'QT89604', '9272', 'Personal Auto', '2011-01-22', '151.13'),
('201405', 'SB79528', '9273', 'Corporate Auto', '2011-01-22', '350.40'),
('201406', 'PQ13422', '9274', 'Personal Auto', '2011-01-22', '451.00'),
('201407', 'UD27196', '9275', 'Personal Auto', '2011-01-22', '1171.20'),
('201408', 'CD76093', '9276', 'Corporate Auto', '2011-01-22', '921.60'),
('201409', 'OY44814', '9277', 'Personal Auto', '2011-01-22', '511.20'),
('201410', 'ZK61113', '9278', 'Personal Auto', '2011-01-22', '676.80'),
('201411', 'VC34764', '9279', 'Personal Auto', '2011-01-23', '302.40'),
('201412', 'OS39723', '9280', 'Personal Auto', '2011-01-23', '331.20'),
('201413', 'MS59005', '9281', 'Personal Auto', '2011-01-23', '364.80'),
('201414', 'OL97871', '9282', 'Personal Auto', '2011-01-23', '426.07'),
('201415', 'AP23850', '9283', 'Personal Auto', '2011-01-23', '547.20'),
('201416', 'NC58480', '9284', 'Personal Auto', '2011-01-23', '239.54'),
('201417', 'TE13577', '9285', 'Personal Auto', '2011-01-23', '632.72'),
('201418', 'OB69153', '9286', 'Personal Auto', '2011-01-23', '27.99'),
('201419', 'QJ40732', '9287', 'Personal Auto', '2011-01-23', '407.45'),
('201420', 'AM97901', '9288', 'Special Auto', '2011-01-23', '1336.93'),
('201421', 'TX28465', '9289', 'Personal Auto', '2011-01-23', '136.68'),
('201422', 'ZR20842', '9290', 'Personal Auto', '2011-01-23', '492.77'),
('201423', 'BW46202', '9291', 'Personal Auto', '2011-01-23', '76.03'),
('201424', 'XO42145', '9292', 'Personal Auto', '2011-01-23', '674.97'),
('201425', 'EG56026', '9293', 'Personal Auto', '2011-01-23', '494.85'),
('201426', 'DF94525', '9294', 'Personal Auto', '2011-01-23', '396.28'),
('201427', 'HQ82089', '9295', 'Personal Auto', '2011-01-23', '820.80'),
('201428', 'WJ44028', '9296', 'Personal Auto', '2011-01-23', '388.80'),
('201429', 'RP30093', '9297', 'Personal Auto', '2011-01-23', '734.40'),
('201430', 'PY10605', '9298', 'Personal Auto', '2011-01-23', '336.00'),
('201431', 'OB88698', '9299', 'Personal Auto', '2011-01-23', '23.00'),
('201432', 'QB58745', '9300', 'Personal Auto', '2011-01-23', '242.49'),
('201433', 'CI24326', '9301', 'Personal Auto', '2011-01-23', '460.80'),
('201434', 'SG20925', '9302', 'Personal Auto', '2011-01-23', '48.05'),
('201435', 'MQ32284', '9303', 'Personal Auto', '2011-01-23', '692.96'),
('201436', 'FG16766', '9304', 'Personal Auto', '2011-01-24', '1003.16'),
('201437', 'ZH17561', '9305', 'Corporate Auto', '2011-01-24', '765.71'),
('201438', 'DP84567', '9306', 'Personal Auto', '2011-01-24', '878.40'),
('201439', 'VH31965', '9307', 'Personal Auto', '2011-01-24', '321.60'),
('201440', 'EY50028', '9308', 'Corporate Auto', '2011-01-24', '398.24'),
('201441', 'RA93608', '9309', 'Personal Auto', '2011-01-24', '364.80'),
('201442', 'UQ87917', '9310', 'Personal Auto', '2011-01-24', '468.57'),
('201443', 'IU47468', '9311', 'Special Auto', '2011-01-24', '653.66'),
('201444', 'KI56154', '9312', 'Personal Auto', '2011-01-24', '571.20'),
('201445', 'RA68844', '9313', 'Personal Auto', '2011-01-24', '943.20'),
('201446', 'DG80424', '9314', 'Personal Auto', '2011-01-24', '257.90'),
('201447', 'DL36983', '9315', 'Personal Auto', '2011-01-24', '615.27'),
('201448', 'QD38160', '9316', 'Personal Auto', '2011-01-24', '972.00'),
('201449', 'DK94262', '9317', 'Personal Auto', '2011-01-24', '513.82'),
('201450', 'QN10888', '9318', 'Personal Auto', '2011-01-24', '24.06'),
('201451', 'ZJ73220', '9319', 'Special Auto', '2011-01-24', '1353.60'),
('201452', 'WT22392', '9320', 'Personal Auto', '2011-01-24', '277.69'),
('201453', 'FZ20933', '9321', 'Personal Auto', '2011-01-24', '302.40'),
('201454', 'BQ12347', '9322', 'Special Auto', '2011-01-24', '336.00'),
('201455', 'PD32641', '9323', 'Personal Auto', '2011-01-24', '293.87'),
('201456', 'TA66375', '9324', 'Corporate Auto', '2011-01-24', '1358.40'),
('201457', 'XV83643', '9325', 'Personal Auto', '2011-01-24', '735.68'),
('201458', 'NR18672', '9326', 'Personal Auto', '2011-01-24', '174.29'),
('201459', 'SX50964', '9327', 'Corporate Auto', '2011-01-24', '209.26'),
('201460', 'EO40136', '9328', 'Personal Auto', '2011-01-24', '295.22'),
('201461', 'EU27538', '9329', 'Personal Auto', '2011-01-25', '358.28'),
('201462', 'HD32044', '9330', 'Corporate Auto', '2011-01-25', '508.80'),
('201463', 'LA13377', '9331', 'Personal Auto', '2011-01-25', '466.57'),
('201464', 'KF75098', '9332', 'Personal Auto', '2011-01-25', '312.00'),
('201465', 'NW30838', '9333', 'Corporate Auto', '2011-01-25', '503.81'),
('201466', 'HX78576', '9334', 'Personal Auto', '2011-01-25', '300.61'),
('201467', 'GB45753', '9335', 'Corporate Auto', '2011-01-25', '29.21'),
('201468', 'QK46697', '9336', 'Personal Auto', '2011-01-25', '20.38'),
('201469', 'PZ89632', '9337', 'Personal Auto', '2011-01-25', '964.80'),
('201470', 'KI18648', '9338', 'Special Auto', '2011-01-25', '326.40'),
('201471', 'ZZ44902', '9339', 'Personal Auto', '2011-01-25', '750.08'),
('201472', 'MP47256', '9340', 'Personal Auto', '2011-01-25', '404.82'),
('201473', 'XZ17273', '9341', 'Corporate Auto', '2011-01-25', '84.49'),
('201474', 'GH31557', '9342', 'Personal Auto', '2011-01-25', '383.66'),
('201475', 'EJ90880', '9343', 'Personal Auto', '2011-01-25', '345.62'),
('201476', 'TE61015', '9344', 'Personal Auto', '2011-01-25', '345.60'),
('201477', 'LG19551', '9345', 'Corporate Auto', '2011-01-25', '445.88'),
('201478', 'ZX35838', '9346', 'Personal Auto', '2011-01-25', '225.52'),
('201479', 'JA93297', '9347', 'Personal Auto', '2011-01-25', '404.82'),
('201480', 'YL72747', '9348', 'Personal Auto', '2011-01-25', '292.80'),
('201481', 'JV68002', '9349', 'Corporate Auto', '2011-01-25', '460.80'),
('201482', 'YP47665', '9350', 'Personal Auto', '2011-01-25', '95.19'),
('201483', 'XV22744', '9351', 'Personal Auto', '2011-01-25', '165.96'),
('201484', 'GU82475', '9352', 'Personal Auto', '2011-01-25', '420.42'),
('201485', 'TX39594', '9353', 'Personal Auto', '2011-01-25', '406.90'),
('201486', 'ZU35962', '9354', 'Personal Auto', '2011-01-26', '25.81'),
('201487', 'MS41162', '9355', 'Personal Auto', '2011-01-26', '975.11'),
('201488', 'UI64281', '9356', 'Personal Auto', '2011-01-26', '56.37'),
('201489', 'FL82372', '9357', 'Corporate Auto', '2011-01-26', '537.60'),
('201490', 'WE68644', '9358', 'Personal Auto', '2011-01-26', '668.29'),
('201491', 'CF57022', '9359', 'Personal Auto', '2011-01-26', '667.20'),
('201492', 'FV21968', '9360', 'Special Auto', '2011-01-26', '113.80'),
('201493', 'PU42145', '9361', 'Personal Auto', '2011-01-26', '511.20'),
('201494', 'LK60013', '9362', 'Personal Auto', '2011-01-26', '355.20'),
('201495', 'QL59704', '9363', 'Corporate Auto', '2011-01-26', '202.86'),
('201496', 'VY19543', '9364', 'Corporate Auto', '2011-01-26', '311.33'),
('201497', 'JJ97525', '9365', 'Personal Auto', '2011-01-26', '351.27'),
('201498', 'TD10493', '9366', 'Personal Auto', '2011-01-26', '691.20'),
('201499', 'ON73702', '9367', 'Corporate Auto', '2011-01-26', '539.84'),
('201500', 'TC88986', '9368', 'Special Auto', '2011-01-26', '1027.00'),
('201501', 'MB90871', '9369', 'Special Auto', '2011-01-26', '13.16'),
('201502', 'VV77534', '9370', 'Personal Auto', '2011-01-26', '444.47'),
('201503', 'KN25556', '9371', 'Personal Auto', '2011-01-26', '316.80'),
('201504', 'NE24371', '9372', 'Personal Auto', '2011-01-26', '408.00'),
('201505', 'BM21532', '9373', 'Personal Auto', '2011-01-26', '446.40'),
('201506', 'CK39096', '9374', 'Personal Auto', '2011-01-26', '1027.00'),
('201507', 'CM94425', '9375', 'Personal Auto', '2011-01-26', '497.05'),
('201508', 'FI61723', '9376', 'Personal Auto', '2011-01-26', '159.27'),
('201509', 'FO99259', '9377', 'Personal Auto', '2011-01-26', '581.08'),
('201510', 'FL69363', '9378', 'Personal Auto', '2011-01-26', '158.08'),
('201511', 'OD76309', '9379', 'Personal Auto', '2011-01-27', '508.80'),
('201512', 'RH42306', '9380', 'Corporate Auto', '2011-01-27', '653.39'),
('201513', 'JL19416', '9381', 'Personal Auto', '2011-01-27', '1159.20'),
('201514', 'XD66024', '9382', 'Personal Auto', '2011-01-27', '980.17'),
('201515', 'RD62882', '9383', 'Personal Auto', '2011-01-27', '456.00'),
('201516', 'JH91579', '9384', 'Personal Auto', '2011-01-27', '456.00'),
('201517', 'QZ81258', '9385', 'Personal Auto', '2011-01-27', '326.40'),
('201518', 'QM74621', '9386', 'Personal Auto', '2011-01-27', '576.00'),
('201519', 'JP58047', '9387', 'Personal Auto', '2011-01-27', '379.20'),
('201520', 'KL43114', '9388', 'Corporate Auto', '2011-01-27', '316.80'),
('201521', 'NN71951', '9389', 'Personal Auto', '2011-01-27', '104.33'),
('201522', 'DT85712', '9390', 'Personal Auto', '2011-01-27', '489.60'),
('201523', 'EP80820', '9391', 'Personal Auto', '2011-01-27', '30.57'),
('201524', 'IS12901', '9392', 'Personal Auto', '2011-01-27', '232.93'),
('201525', 'EO95328', '9393', 'Personal Auto', '2011-01-27', '321.60'),
('201526', 'SH74080', '9394', 'Personal Auto', '2011-01-27', '508.80'),
('201527', 'SF57173', '9395', 'Personal Auto', '2011-01-27', '691.41'),
('201528', 'UM45563', '9396', 'Personal Auto', '2011-01-27', '92.92'),
('201529', 'YJ99764', '9397', 'Personal Auto', '2011-01-27', '355.20'),
('201530', 'JS42382', '9398', 'Corporate Auto', '2011-01-27', '364.80'),
('201531', 'HK26543', '9399', 'Personal Auto', '2011-01-27', '307.20'),
('201532', 'VC77127', '9400', 'Personal Auto', '2011-01-27', '837.44'),
('201533', 'VE31507', '9401', 'Personal Auto', '2011-01-27', '447.33'),
('201534', 'FR55658', '9402', 'Personal Auto', '2011-01-27', '78.09'),
('201535', 'CS93971', '9403', 'Personal Auto', '2011-01-27', '508.80'),
('201536', 'HG39060', '9404', 'Corporate Auto', '2011-01-28', '532.80'),
('201537', 'NY56352', '9405', 'Personal Auto', '2011-01-28', '251.33'),
('201538', 'BM69081', '9406', 'Personal Auto', '2011-01-28', '925.14'),
('201539', 'WR62597', '9407', 'Corporate Auto', '2011-01-28', '294.93'),
('201540', 'IL19217', '9408', 'Personal Auto', '2011-01-28', '882.87'),
('201541', 'FF61670', '9409', 'Personal Auto', '2011-01-28', '393.60'),
('201542', 'BF72793', '9410', 'Personal Auto', '2011-01-28', '446.40'),
('201543', 'DY22043', '9411', 'Personal Auto', '2011-01-28', '326.40'),
('201544', 'BG85305', '9412', 'Personal Auto', '2011-01-28', '460.80'),
('201545', 'OD69005', '9413', 'Personal Auto', '2011-01-28', '152.34'),
('201546', 'XW89091', '9414', 'Personal Auto', '2011-01-28', '128.97'),
('201547', 'HX44948', '9415', 'Special Auto', '2011-01-28', '16.03'),
('201548', 'UM76485', '9416', 'Personal Auto', '2011-01-28', '489.60'),
('201549', 'RE46783', '9417', 'Personal Auto', '2011-01-28', '494.40'),
('201550', 'PA16884', '9418', 'Personal Auto', '2011-01-28', '494.40'),
('201551', 'PK28821', '9419', 'Personal Auto', '2011-01-28', '139.96'),
('201552', 'AB60627', '9420', 'Corporate Auto', '2011-01-28', '98.92'),
('201553', 'TR81766', '9421', 'Corporate Auto', '2011-01-28', '7.35'),
('201554', 'GX19342', '9422', 'Personal Auto', '2011-01-28', '1193.12'),
('201555', 'WH52799', '9423', 'Corporate Auto', '2011-01-28', '451.20'),
('201556', 'NK73719', '9424', 'Corporate Auto', '2011-01-28', '41.05'),
('201557', 'SA91515', '9425', 'Personal Auto', '2011-01-28', '700.35'),
('201558', 'FF68864', '9426', 'Personal Auto', '2011-01-28', '101.35'),
('201559', 'VT96364', '9427', 'Personal Auto', '2011-01-28', '222.58'),
('201560', 'NU42684', '9428', 'Personal Auto', '2011-01-28', '403.20'),
('201561', 'JP69864', '9429', 'Personal Auto', '2011-01-29', '347.86'),
('201562', 'II62831', '9430', 'Special Auto', '2011-01-29', '459.74'),
('201563', 'RF61565', '9431', 'Personal Auto', '2011-01-29', '321.60'),
('201564', 'UA94723', '9432', 'Personal Auto', '2011-01-29', '303.87'),
('201565', 'PB54378', '9433', 'Corporate Auto', '2011-01-29', '345.60'),
('201566', 'QE22757', '9434', 'Personal Auto', '2011-01-29', '67.53'),
('201567', 'ON77649', '9435', 'Personal Auto', '2011-01-29', '312.92'),
('201568', 'TU92578', '9436', 'Personal Auto', '2011-01-29', '600.00'),
('201569', 'GT62080', '9437', 'Personal Auto', '2011-01-29', '227.87'),
('201570', 'ED50963', '9438', 'Personal Auto', '2011-01-29', '541.70'),
('201571', 'PT64580', '9439', 'Personal Auto', '2011-01-29', '141.20'),
('201572', 'YG85980', '9440', 'Personal Auto', '2011-01-29', '720.60'),
('201573', 'WA15684', '9441', 'Personal Auto', '2011-01-29', '600.00'),
('201574', 'PR31642', '9442', 'Personal Auto', '2011-01-29', '547.20'),
('201575', 'NT43594', '9443', 'Personal Auto', '2011-01-29', '347.86'),
('201576', 'EL99335', '9444', 'Personal Auto', '2011-01-29', '350.40'),
('201577', 'JF83834', '9445', 'Corporate Auto', '2011-01-29', '67.53'),
('201578', 'QG51953', '9446', 'Personal Auto', '2011-01-29', '295.22'),
('201579', 'TJ76363', '9447', 'Corporate Auto', '2011-01-29', '229.93'),
('201580', 'RF44930', '9448', 'Personal Auto', '2011-01-29', '118.00'),
('201581', 'ZY20779', '9449', 'Personal Auto', '2011-01-29', '340.80'),
('201582', 'WH81461', '9450', 'Personal Auto', '2011-01-29', '1186.97'),
('201583', 'WO95180', '9451', 'Corporate Auto', '2011-01-29', '572.07'),
('201584', 'EE76374', '9452', 'Personal Auto', '2011-01-29', '709.08'),
('201585', 'HW42900', '9453', 'Corporate Auto', '2011-01-29', '479.93'),
('201586', 'UF46533', '9454', 'Corporate Auto', '2011-01-30', '754.36'),
('201587', 'JN26745', '9455', 'Special Auto', '2011-01-30', '707.98'),
('201588', 'DE55857', '9456', 'Personal Auto', '2011-01-30', '383.44'),
('201589', 'CF15558', '9457', 'Personal Auto', '2011-01-30', '284.00'),
('201590', 'UK70255', '9458', 'Personal Auto', '2011-01-30', '48.52'),
('201591', 'FI92440', '9459', 'Personal Auto', '2011-01-30', '72.63'),
('201592', 'FF22360', '9460', 'Personal Auto', '2011-01-30', '51.96'),
('201593', 'WZ40465', '9461', 'Personal Auto', '2011-01-30', '113.53'),
('201594', 'KJ31611', '9462', 'Personal Auto', '2011-01-30', '441.60'),
('201595', 'OB55054', '9463', 'Corporate Auto', '2011-01-30', '475.20'),
('201596', 'YB58778', '9464', 'Personal Auto', '2011-01-30', '42.24'),
('201597', 'HO92982', '9465', 'Personal Auto', '2011-01-30', '458.57'),
('201598', 'SF32458', '9466', 'Personal Auto', '2011-01-30', '214.87'),
('201599', 'MC20349', '9467', 'Personal Auto', '2011-01-30', '532.80'),
('201600', 'PZ47477', '9468', 'Personal Auto', '2011-01-30', '416.37'),
('201601', 'II83628', '9469', 'Personal Auto', '2011-01-30', '394.58'),
('201602', 'KB99097', '9470', 'Special Auto', '2011-01-30', '350.40'),
('201603', 'CS55808', '9471', 'Personal Auto', '2011-01-30', '851.15'),
('201604', 'BK21146', '9472', 'Personal Auto', '2011-01-30', '489.60'),
('201605', 'HY76810', '9473', 'Corporate Auto', '2011-01-30', '141.46'),
('201606', 'XB17553', '9474', 'Personal Auto', '2011-01-30', '88.17'),
('201607', 'DQ45854', '9475', 'Personal Auto', '2011-01-30', '12.39'),
('201608', 'WK99918', '9476', 'Personal Auto', '2011-01-30', '600.00'),
('201609', 'YJ59924', '9477', 'Personal Auto', '2011-01-30', '441.60'),
('201610', 'IE40701', '9478', 'Personal Auto', '2011-01-30', '350.40'),
('201611', 'SM52139', '9479', 'Personal Auto', '2011-01-31', '350.40'),
('201612', 'QA87025', '9480', 'Personal Auto', '2011-01-31', '192.88'),
('201613', 'CV29889', '9481', 'Personal Auto', '2011-01-31', '425.27'),
('201614', 'GD83998', '9482', 'Personal Auto', '2011-01-31', '336.00'),
('201615', 'BG76355', '9483', 'Personal Auto', '2011-01-31', '115.09'),
('201616', 'UN37063', '9484', 'Personal Auto', '2011-01-31', '170.80'),
('201617', 'MB69535', '9485', 'Corporate Auto', '2011-01-31', '628.80'),
('201618', 'AY84441', '9486', 'Personal Auto', '2011-01-31', '820.80'),
('201619', 'DB71122', '9487', 'Personal Auto', '2011-01-31', '372.65'),
('201620', 'MN61620', '9488', 'Personal Auto', '2011-01-31', '168.52'),
('201621', 'EK19337', '9489', 'Personal Auto', '2011-01-31', '989.11'),
('201622', 'AI61368', '9490', 'Personal Auto', '2011-01-31', '456.00'),
('201623', 'KC17170', '9491', 'Corporate Auto', '2011-01-31', '75.50'),
('201624', 'BH23017', '9492', 'Personal Auto', '2011-01-31', '657.81'),
('201625', 'JR10216', '9493', 'Corporate Auto', '2011-01-31', '340.80'),
('201626', 'RW65101', '9494', 'Personal Auto', '2011-01-31', '503.20'),
('201627', 'SZ70655', '9495', 'Corporate Auto', '2011-01-31', '292.80'),
('201628', 'LZ34046', '9496', 'Personal Auto', '2011-01-31', '86.46'),
('201629', 'CX12134', '9497', 'Personal Auto', '2011-01-31', '528.00'),
('201630', 'EL93539', '9498', 'Special Auto', '2011-01-31', '174.04'),
('201631', 'HQ23708', '9499', 'Personal Auto', '2011-01-31', '169.29'),
('201632', 'MY37953', '9500', 'Personal Auto', '2011-01-31', '230.25'),
('201633', 'ZW71731', '9501', 'Corporate Auto', '2011-01-31', '402.07'),
('201634', 'XG44587', '9502', 'Personal Auto', '2011-01-31', '174.04'),
('201635', 'IX35050', '9503', 'Special Auto', '2011-01-31', '86.46'),
('201636', 'XM45289', '9504', 'Personal Auto', '2011-02-01', '447.79'),
('201637', 'CD86811', '9505', 'Personal Auto', '2011-02-01', '312.00'),
('201638', 'TQ13499', '9506', 'Personal Auto', '2011-02-01', '828.66'),
('201639', 'TS11219', '9507', 'Personal Auto', '2011-02-01', '1284.09'),
('201640', 'KY33386', '9508', 'Personal Auto', '2011-02-01', '537.60'),
('201641', 'CO44221', '9509', 'Personal Auto', '2011-02-01', '345.60'),
('201642', 'UA84837', '9510', 'Corporate Auto', '2011-02-01', '532.80'),
('201643', 'VQ38776', '9511', 'Personal Auto', '2011-02-01', '395.34'),
('201644', 'QG45324', '9512', 'Personal Auto', '2011-02-01', '350.40'),
('201645', 'YH61661', '9513', 'Special Auto', '2011-02-01', '504.00'),
('201646', 'TN79487', '9514', 'Personal Auto', '2011-02-01', '312.00'),
('201647', 'EU68825', '9515', 'Personal Auto', '2011-02-01', '215.23'),
('201648', 'LN26837', '9516', 'Personal Auto', '2011-02-01', '312.00'),
('201649', 'SS59521', '9517', 'Personal Auto', '2011-02-01', '326.40'),
('201650', 'CP98451', '9518', 'Personal Auto', '2011-02-01', '327.68'),
('201651', 'NX52648', '9519', 'Personal Auto', '2011-02-01', '456.00'),
('201652', 'GI82355', '9520', 'Corporate Auto', '2011-02-01', '326.40'),
('201653', 'VO26340', '9521', 'Personal Auto', '2011-02-01', '669.60'),
('201654', 'BB11622', '9522', 'Personal Auto', '2011-02-01', '232.71'),
('201655', 'EA27048', '9523', 'Personal Auto', '2011-02-01', '369.82'),
('201656', 'OQ90898', '9524', 'Personal Auto', '2011-02-01', '372.18'),
('201657', 'BB82067', '9525', 'Personal Auto', '2011-02-01', '26.95'),
('201658', 'IX55883', '9526', 'Personal Auto', '2011-02-01', '290.38'),
('201659', 'OB49075', '9527', 'Personal Auto', '2011-02-01', '312.00'),
('201660', 'GE62437', '9528', 'Personal Auto', '2011-02-02', '532.80'),
('201661', 'CR48975', '9529', 'Personal Auto', '2011-02-02', '396.08'),
('201662', 'DE21533', '9530', 'Personal Auto', '2011-02-02', '331.20'),
('201663', 'IA63417', '9531', 'Personal Auto', '2011-02-02', '773.47'),
('201664', 'GU66096', '9532', 'Personal Auto', '2011-02-02', '321.60'),
('201665', 'NB79936', '9533', 'Personal Auto', '2011-02-02', '73.70'),
('201666', 'YR34119', '9534', 'Personal Auto', '2011-02-02', '200.12'),
('201667', 'YM18992', '9535', 'Personal Auto', '2011-02-02', '511.20'),
('201668', 'JA34909', '9536', 'Corporate Auto', '2011-02-02', '398.50'),
('201669', 'LL45497', '9537', 'Personal Auto', '2011-02-02', '297.60'),
('201670', 'CU26127', '9538', 'Corporate Auto', '2011-02-02', '599.65'),
('201671', 'JQ56711', '9539', 'Personal Auto', '2011-02-02', '66.57'),
('201672', 'QV59143', '9540', 'Special Auto', '2011-02-02', '603.06'),
('201673', 'EJ19449', '9541', 'Special Auto', '2011-02-02', '398.50'),
('201674', 'GO77248', '9542', 'Personal Auto', '2011-02-02', '542.14'),
('201675', 'OU79745', '9543', 'Personal Auto', '2011-02-02', '504.00'),
('201676', 'MB51200', '9544', 'Personal Auto', '2011-02-02', '734.40'),
('201677', 'TV25678', '9545', 'Personal Auto', '2011-02-02', '727.20'),
('201678', 'JH62891', '9546', 'Special Auto', '2011-02-02', '53.08'),
('201679', 'CU36986', '9547', 'Personal Auto', '2011-02-02', '499.20'),
('201680', 'OT52034', '9548', 'Personal Auto', '2011-02-02', '707.30'),
('201681', 'WL99637', '9549', 'Personal Auto', '2011-02-02', '469.03'),
('201682', 'PP80817', '9550', 'Personal Auto', '2011-02-02', '71.73'),
('201683', 'GW14109', '9551', 'Special Auto', '2011-02-02', '345.21'),
('201684', 'WT71621', '9552', 'Personal Auto', '2011-02-02', '251.76'),
('201685', 'SK67821', '9553', 'Corporate Auto', '2011-02-13', '15.44'),
('201686', 'AP67935', '9554', 'Special Auto', '2011-02-13', '302.57'),
('201687', 'FY56083', '9555', 'Personal Auto', '2011-02-13', '47.53'),
('201688', 'FW91032', '9556', 'Corporate Auto', '2011-02-13', '100.62'),
('201689', 'CV24005', '9557', 'Corporate Auto', '2011-02-13', '467.50'),
('201690', 'BT30554', '9558', 'Personal Auto', '2011-02-13', '470.40'),
('201691', 'BS83666', '9559', 'Corporate Auto', '2011-02-13', '17.74'),
('201692', 'RZ27571', '9560', 'Personal Auto', '2011-02-13', '326.40'),
('201693', 'WW30771', '9561', 'Personal Auto', '2011-02-13', '321.60'),
('201694', 'YB33445', '9562', 'Corporate Auto', '2011-02-13', '174.59'),
('201695', 'WK88044', '9563', 'Personal Auto', '2011-02-13', '79.87'),
('201696', 'KH24214', '9564', 'Personal Auto', '2011-02-13', '445.29'),
('201697', 'JT11876', '9565', 'Personal Auto', '2011-02-13', '626.12'),
('201698', 'GT38956', '9566', 'Personal Auto', '2011-02-13', '312.00'),
('201699', 'DW29763', '9567', 'Personal Auto', '2011-02-13', '321.60'),
('201700', 'VX39856', '9568', 'Personal Auto', '2011-02-13', '82.41'),
('201701', 'BV79904', '9569', 'Personal Auto', '2011-02-13', '136.88'),
('201702', 'XD85577', '9570', 'Personal Auto', '2011-02-13', '30.87'),
('201703', 'UH35128', '9571', 'Personal Auto', '2011-02-13', '1027.20'),
('201704', 'VL84149', '9572', 'Corporate Auto', '2011-02-13', '1027.20'),
('201705', 'WS57286', '9573', 'Personal Auto', '2011-02-13', '137.17'),
('201706', 'VH45094', '9574', 'Personal Auto', '2011-02-13', '202.85'),
('201707', 'QF59448', '9575', 'Personal Auto', '2011-02-13', '369.60'),
('201708', 'TK40018', '9576', 'Personal Auto', '2011-02-13', '1207.08'),
('201709', 'XY52165', '9577', 'Personal Auto', '2011-02-13', '355.20'),
('201710', 'GU99037', '9578', 'Corporate Auto', '2011-02-14', '271.61'),
('201711', 'IX37561', '9579', 'Personal Auto', '2011-02-14', '532.80'),
('201712', 'CD88896', '9580', 'Corporate Auto', '2011-02-14', '156.12'),
('201713', 'UW32074', '9581', 'Corporate Auto', '2011-02-14', '307.20'),
('201714', 'UF33451', '9582', 'Personal Auto', '2011-02-14', '354.73'),
('201715', 'UK52289', '9583', 'Special Auto', '2011-02-14', '201.46'),
('201716', 'HU35721', '9584', 'Personal Auto', '2011-02-14', '350.40'),
('201717', 'GE47180', '9585', 'Personal Auto', '2011-02-14', '235.22'),
('201718', 'ZH19885', '9586', 'Personal Auto', '2011-02-14', '156.12'),
('201719', 'CK19789', '9587', 'Personal Auto', '2011-02-14', '80.67'),
('201720', 'GE82737', '9588', 'Personal Auto', '2011-02-14', '619.20'),
('201721', 'KN34250', '9589', 'Corporate Auto', '2011-02-14', '619.20'),
('201722', 'EZ50606', '9590', 'Corporate Auto', '2011-02-14', '612.10'),
('201723', 'NL41409', '9591', 'Personal Auto', '2011-02-14', '456.47'),
('201724', 'GP40701', '9592', 'Personal Auto', '2011-02-14', '326.40'),
('201725', 'HN95240', '9593', 'Corporate Auto', '2011-02-14', '336.00'),
('201726', 'NG82219', '9594', 'Personal Auto', '2011-02-14', '201.46'),
('201727', 'JY16280', '9595', 'Personal Auto', '2011-02-14', '156.12'),
('201728', 'WY97929', '9596', 'Special Auto', '2011-02-14', '355.20'),
('201729', 'HG33568', '9597', 'Personal Auto', '2011-02-14', '270.00'),
('201730', 'NL59519', '9598', 'Personal Auto', '2011-02-14', '404.27'),
('201731', 'SB18278', '9599', 'Corporate Auto', '2011-02-14', '307.20'),
('201732', 'FZ55002', '9600', 'Personal Auto', '2011-02-14', '331.20'),
('201733', 'PT32230', '9601', 'Personal Auto', '2011-02-14', '253.74'),
('201734', 'ZF27999', '9602', 'Personal Auto', '2011-02-14', '667.20'),
('201735', 'XW13033', '9603', 'Personal Auto', '2011-02-15', '321.60'),
('201736', 'KH48895', '9604', 'Personal Auto', '2011-02-15', '132.59'),
('201737', 'JI70886', '9605', 'Corporate Auto', '2011-02-15', '489.60'),
('201738', 'XW90265', '9606', 'Personal Auto', '2011-02-15', '463.16'),
('201739', 'LQ13873', '9607', 'Personal Auto', '2011-02-15', '340.80'),
('201740', 'EZ30498', '9608', 'Personal Auto', '2011-02-15', '700.90'),
('201741', 'KL57176', '9609', 'Personal Auto', '2011-02-15', '23.81'),
('201742', 'TI92884', '9610', 'Personal Auto', '2011-02-15', '508.80'),
('201743', 'PX44289', '9611', 'Personal Auto', '2011-02-15', '472.60'),
('201744', 'DF66914', '9612', 'Personal Auto', '2011-02-15', '572.64'),
('201745', 'UO86707', '9613', 'Personal Auto', '2011-02-15', '147.08'),
('201746', 'LE26899', '9614', 'Personal Auto', '2011-02-15', '272.84'),
('201747', 'TA58285', '9615', 'Personal Auto', '2011-02-15', '392.95'),
('201748', 'VJ44100', '9616', 'Personal Auto', '2011-02-15', '434.10'),
('201749', 'TY74870', '9617', 'Corporate Auto', '2011-02-15', '8.74'),
('201750', 'UM69933', '9618', 'Personal Auto', '2011-02-15', '302.40'),
('201751', 'KD63998', '9619', 'Personal Auto', '2011-02-15', '331.20'),
('201752', 'OF47250', '9620', 'Personal Auto', '2011-02-15', '220.02'),
('201753', 'YU35386', '9621', 'Personal Auto', '2011-02-15', '444.62'),
('201754', 'SC95565', '9622', 'Personal Auto', '2011-02-15', '293.87'),
('201755', 'GD59796', '9623', 'Personal Auto', '2011-02-15', '489.60'),
('201756', 'XA32915', '9624', 'Personal Auto', '2011-02-15', '685.46'),
('201757', 'TP87527', '9625', 'Corporate Auto', '2011-02-15', '361.18'),
('201758', 'GQ46925', '9626', 'Personal Auto', '2011-02-15', '546.00'),
('201759', 'EY89842', '9627', 'Corporate Auto', '2011-02-15', '820.80'),
('201760', 'EV68375', '9628', 'Personal Auto', '2011-02-16', '513.60'),
('201761', 'EM43724', '9629', 'Personal Auto', '2011-02-16', '101.90'),
('201762', 'YV64727', '9630', 'Corporate Auto', '2011-02-16', '806.40'),
('201763', 'ZW25874', '9631', 'Special Auto', '2011-02-16', '67.63'),
('201764', 'AO87348', '9632', 'Personal Auto', '2011-02-16', '292.80'),
('201765', 'OA57352', '9633', 'Personal Auto', '2011-02-16', '412.80'),
('201766', 'SK97780', '9634', 'Corporate Auto', '2011-02-16', '339.34'),
('201767', 'ZN47335', '9635', 'Corporate Auto', '2011-02-16', '306.98'),
('201768', 'XP64922', '9636', 'Corporate Auto', '2011-02-16', '5.62'),
('201769', 'GI68556', '9637', 'Personal Auto', '2011-02-16', '106.65'),
('201770', 'BZ12077', '9638', 'Personal Auto', '2011-02-16', '571.20'),
('201771', 'JP94676', '9639', 'Personal Auto', '2011-02-16', '466.12'),
('201772', 'IW54795', '9640', 'Personal Auto', '2011-02-16', '607.10'),
('201773', 'PS30217', '9641', 'Personal Auto', '2011-02-16', '527.42'),
('201774', 'BC66921', '9642', 'Personal Auto', '2011-02-16', '340.80'),
('201775', 'GC17585', '9643', 'Personal Auto', '2011-02-16', '336.00'),
('201776', 'LP82042', '9644', 'Personal Auto', '2011-02-16', '326.40'),
('201777', 'DT35588', '9645', 'Personal Auto', '2011-02-16', '513.60'),
('201778', 'OY94707', '9646', 'Special Auto', '2011-02-16', '647.04'),
('201779', 'CM52565', '9647', 'Corporate Auto', '2011-02-16', '597.60'),
('201780', 'CA56041', '9648', 'Personal Auto', '2011-02-16', '370.29'),
('201781', 'UV80201', '9649', 'Personal Auto', '2011-02-16', '556.80'),
('201782', 'ES16126', '9650', 'Personal Auto', '2011-02-16', '513.60'),
('201783', 'CJ97736', '9651', 'Personal Auto', '2011-02-16', '461.27'),
('201784', 'No36572', '9652', 'Personal Auto', '2011-02-16', '556.80'),
('201785', 'WA25797', '9653', 'Personal Auto', '2011-02-17', '178.01'),
('201786', 'XP47431', '9654', 'Personal Auto', '2011-02-17', '702.99'),
('201787', 'AZ62651', '9655', 'Corporate Auto', '2011-02-17', '1836.00'),
('201788', 'ZG48513', '9656', 'Personal Auto', '2011-02-17', '345.60'),
('201789', 'XN11823', '9657', 'Corporate Auto', '2011-02-17', '842.44'),
('201790', 'UA51318', '9658', 'Corporate Auto', '2011-02-17', '449.82'),
('201791', 'FS55302', '9659', 'Personal Auto', '2011-02-17', '297.60'),
('201792', 'EV19512', '9660', 'Personal Auto', '2011-02-17', '574.02'),
('201793', 'HN57556', '9661', 'Personal Auto', '2011-02-17', '312.00'),
('201794', 'YX89016', '9662', 'Personal Auto', '2011-02-17', '1416.00'),
('201795', 'UJ79253', '9663', 'Personal Auto', '2011-02-17', '95.82'),
('201796', 'PN21042', '9664', 'Personal Auto', '2011-02-17', '0.38'),
('201797', 'UN97379', '9665', 'Corporate Auto', '2011-02-17', '340.80'),
('201798', 'LY97989', '9666', 'Personal Auto', '2011-02-17', '408.00'),
('201799', 'ZM86949', '9667', 'Personal Auto', '2011-02-17', '334.41'),
('201800', 'BH11344', '9668', 'Corporate Auto', '2011-02-17', '145.67'),
('201801', 'YO15246', '9669', 'Personal Auto', '2011-02-17', '460.80'),
('201802', 'NF53775', '9670', 'Personal Auto', '2011-02-17', '666.72'),
('201803', 'UQ63396', '9671', 'Personal Auto', '2011-02-17', '48.83'),
('201804', 'XO22038', '9672', 'Corporate Auto', '2011-02-17', '261.93'),
('201805', 'SD62061', '9673', 'Personal Auto', '2011-02-17', '350.40'),
('201806', 'QB47024', '9674', 'Personal Auto', '2011-02-17', '414.52'),
('201807', 'OP26403', '9675', 'Personal Auto', '2011-02-17', '297.60'),
('201808', 'ZF28570', '9676', 'Personal Auto', '2011-02-17', '645.95'),
('201809', 'BK73302', '9677', 'Corporate Auto', '2011-02-17', '544.34'),
('201810', 'IU25463', '9678', 'Personal Auto', '2011-02-18', '552.00'),
('201811', 'PD33979', '9679', 'Personal Auto', '2011-02-18', '408.37'),
('201812', 'GY55092', '9680', 'Personal Auto', '2011-02-18', '638.40'),
('201813', 'AH84063', '9681', 'Corporate Auto', '2011-02-18', '86.32'),
('201814', 'DJ91267', '9682', 'Personal Auto', '2011-02-18', '494.40'),
('201815', 'RX24650', '9683', 'Corporate Auto', '2011-02-18', '638.40'),
('201816', 'FY13480', '9684', 'Personal Auto', '2011-02-18', '633.60'),
('201817', 'QK31192', '9685', 'Corporate Auto', '2011-02-18', '631.12'),
('201818', 'UV12583', '9686', 'Personal Auto', '2011-02-18', '561.60'),
('201819', 'BG84194', '9687', 'Special Auto', '2011-02-18', '133.48'),
('201820', 'EB59129', '9688', 'Personal Auto', '2011-02-18', '15.63'),
('201821', 'MB83663', '9689', 'Personal Auto', '2011-02-18', '561.41'),
('201822', 'TY26512', '9690', 'Personal Auto', '2011-02-18', '91.83');
INSERT INTO `premi` (`kodepremi`, `kodenasabah`, `nomorkendaraan`, `tipepolis`, `tanggal`, `total`) VALUES
('201823', 'PU41393', '9691', 'Special Auto', '2011-02-18', '547.20'),
('201824', 'QO86948', '9692', 'Personal Auto', '2011-02-18', '806.40'),
('201825', 'VC83809', '9693', 'Personal Auto', '2011-02-18', '91.83'),
('201826', 'KI55845', '9694', 'Personal Auto', '2011-02-18', '547.20'),
('201827', 'DO41287', '9695', 'Personal Auto', '2011-02-18', '590.40'),
('201828', 'LG64797', '9696', 'Personal Auto', '2011-02-18', '1253.98'),
('201829', 'HF96939', '9697', 'Personal Auto', '2011-02-18', '388.80'),
('201830', 'XQ19793', '9698', 'Personal Auto', '2011-02-18', '638.40'),
('201831', 'MA47641', '9699', 'Personal Auto', '2011-02-18', '523.82'),
('201832', 'TX98128', '9700', 'Personal Auto', '2011-02-18', '580.89'),
('201833', 'FI45719', '9701', 'Personal Auto', '2011-02-18', '174.09'),
('201834', 'JN72184', '9702', 'Corporate Auto', '2011-02-18', '525.60'),
('201835', 'AI49188', '9703', 'Personal Auto', '2011-02-19', '566.47'),
('201836', 'ZK25313', '9704', 'Personal Auto', '2011-02-19', '355.20'),
('201837', 'OI48267', '9705', 'Personal Auto', '2011-02-19', '364.80'),
('201838', 'MW70227', '9706', 'Personal Auto', '2011-02-19', '364.80'),
('201839', 'IL28481', '9707', 'Personal Auto', '2011-02-19', '364.24'),
('201840', 'PX90263', '9708', 'Personal Auto', '2011-02-19', '518.40'),
('201841', 'ES39217', '9709', 'Personal Auto', '2011-02-19', '580.73'),
('201842', 'XK61304', '9710', 'Personal Auto', '2011-02-19', '336.00'),
('201843', 'EG62398', '9711', 'Personal Auto', '2011-02-19', '844.23'),
('201844', 'AM92343', '9712', 'Personal Auto', '2011-02-19', '340.31'),
('201845', 'MK34957', '9713', 'Special Auto', '2011-02-19', '784.66'),
('201846', 'ZX86243', '9714', 'Personal Auto', '2011-02-19', '141.80'),
('201847', 'XN41715', '9715', 'Personal Auto', '2011-02-19', '270.56'),
('201848', 'ST96866', '9716', 'Special Auto', '2011-02-19', '960.12'),
('201849', 'FI20423', '9717', 'Special Auto', '2011-02-19', '256.44'),
('201850', 'DW96592', '9718', 'Personal Auto', '2011-02-19', '284.00'),
('201851', 'TC44716', '9719', 'Personal Auto', '2011-02-19', '571.20'),
('201852', 'DS45802', '9720', 'Personal Auto', '2011-02-19', '68.23'),
('201853', 'PO98961', '9721', 'Corporate Auto', '2011-02-19', '640.80'),
('201854', 'HJ79774', '9722', 'Corporate Auto', '2011-02-19', '240.24'),
('201855', 'WJ74851', '9723', 'Personal Auto', '2011-02-19', '465.76'),
('201856', 'OA89218', '9724', 'Personal Auto', '2011-02-19', '826.66'),
('201857', 'OF24813', '9725', 'Personal Auto', '2011-02-19', '459.97'),
('201858', 'KN87338', '9726', 'Personal Auto', '2011-02-19', '11.45'),
('201859', 'HS28694', '9727', 'Personal Auto', '2011-02-19', '50.42'),
('201860', 'EW38459', '9728', 'Corporate Auto', '2011-02-20', '9.52'),
('201861', 'UV54502', '9729', 'Personal Auto', '2011-02-20', '331.20'),
('201862', 'JK55587', '9730', 'Special Auto', '2011-02-20', '312.00'),
('201863', 'MZ82036', '9731', 'Personal Auto', '2011-02-20', '375.33'),
('201864', 'XW96958', '9732', 'Corporate Auto', '2011-02-20', '1193.04'),
('201865', 'IJ50779', '9733', 'Personal Auto', '2011-02-20', '542.40'),
('201866', 'YC11951', '9734', 'Corporate Auto', '2011-02-20', '185.36'),
('201867', 'YG20683', '9735', 'Personal Auto', '2011-02-20', '4.24'),
('201868', 'OX36896', '9736', 'Corporate Auto', '2011-02-20', '153.21'),
('201869', 'TP51897', '9737', 'Corporate Auto', '2011-02-20', '357.64'),
('201870', 'OY95739', '9738', 'Corporate Auto', '2011-02-20', '542.40'),
('201871', 'XW98867', '9739', 'Personal Auto', '2011-02-20', '542.40'),
('201872', 'LE43061', '9740', 'Personal Auto', '2011-02-20', '756.00'),
('201873', 'UP29839', '9741', 'Personal Auto', '2011-02-20', '1294.70'),
('201874', 'GF94951', '9742', 'Corporate Auto', '2011-02-20', '489.60'),
('201875', 'JE71423', '9743', 'Personal Auto', '2011-02-20', '403.20'),
('201876', 'LE65901', '9744', 'Personal Auto', '2011-02-20', '103.02'),
('201877', 'GD55093', '9745', 'Personal Auto', '2011-02-20', '1294.70'),
('201878', 'NN68193', '9746', 'Personal Auto', '2011-02-20', '972.00'),
('201879', 'ZR77995', '9747', 'Personal Auto', '2011-02-20', '97.18'),
('201880', 'XE66367', '9748', 'Special Auto', '2011-02-20', '185.36'),
('201881', 'YX90754', '9749', 'Personal Auto', '2011-02-20', '339.40'),
('201882', 'WB58031', '9750', 'Corporate Auto', '2011-02-20', '316.80'),
('201883', 'LM34525', '9751', 'Personal Auto', '2011-02-20', '141.73'),
('201884', 'RB28630', '9752', 'Personal Auto', '2011-02-20', '355.20'),
('201885', 'YL74911', '9753', 'Personal Auto', '2011-02-21', '566.40'),
('201886', 'RI78966', '9754', 'Personal Auto', '2011-02-21', '465.41'),
('201887', 'VC22097', '9755', 'Corporate Auto', '2011-02-21', '566.40'),
('201888', 'SC66359', '9756', 'Corporate Auto', '2011-02-21', '262.87'),
('201889', 'UK41984', '9757', 'Personal Auto', '2011-02-21', '537.60'),
('201890', 'CV31235', '9758', 'Corporate Auto', '2011-02-21', '256.00'),
('201891', 'CT83377', '9759', 'Special Auto', '2011-02-21', '49.80'),
('201892', 'WS82822', '9760', 'Corporate Auto', '2011-02-21', '217.97'),
('201893', 'LN34660', '9761', 'Corporate Auto', '2011-02-21', '629.53'),
('201894', 'GC15104', '9762', 'Corporate Auto', '2011-02-21', '336.00'),
('201895', 'ON39271', '9763', 'Personal Auto', '2011-02-21', '263.37'),
('201896', 'MT23134', '9764', 'Personal Auto', '2011-02-21', '496.47'),
('201897', 'VM92311', '9765', 'Personal Auto', '2011-02-21', '328.87'),
('201898', 'CZ96653', '9766', 'Personal Auto', '2011-02-21', '64.60'),
('201899', 'KP72427', '9767', 'Personal Auto', '2011-02-21', '133.74'),
('201900', 'SW57539', '9768', 'Corporate Auto', '2011-02-21', '566.40'),
('201901', 'KF50730', '9769', 'Personal Auto', '2011-02-21', '457.47'),
('201902', 'KD47243', '9770', 'Personal Auto', '2011-02-21', '418.86'),
('201903', 'SX65826', '9771', 'Personal Auto', '2011-02-21', '513.25'),
('201904', 'ZB62469', '9772', 'Corporate Auto', '2011-02-21', '482.40'),
('201905', 'GT65065', '9773', 'Personal Auto', '2011-02-21', '396.18'),
('201906', 'VH43367', '9774', 'Special Auto', '2011-02-21', '302.40'),
('201907', 'CP32818', '9775', 'Personal Auto', '2011-02-21', '46.10'),
('201908', 'BP83941', '9776', 'Personal Auto', '2011-02-21', '552.00'),
('201909', 'SH51981', '9777', 'Personal Auto', '2011-02-21', '328.94'),
('201910', 'HL53154', '9778', 'Personal Auto', '2011-02-22', '554.40'),
('201911', 'JI71369', '9779', 'Personal Auto', '2011-02-22', '140.17'),
('201912', 'UC33108', '9780', 'Personal Auto', '2011-02-22', '398.40'),
('201913', 'EN61670', '9781', 'Personal Auto', '2011-02-22', '309.58'),
('201914', 'SW31412', '9782', 'Personal Auto', '2011-02-22', '297.60'),
('201915', 'JY27336', '9783', 'Corporate Auto', '2011-02-22', '138.72'),
('201916', 'XR70252', '9784', 'Personal Auto', '2011-02-22', '321.60'),
('201917', 'PR53785', '9785', 'Personal Auto', '2011-02-22', '1577.67'),
('201918', 'OB96537', '9786', 'Special Auto', '2011-02-22', '392.64'),
('201919', 'ME77513', '9787', 'Corporate Auto', '2011-02-22', '290.39'),
('201920', 'CA86085', '9788', 'Personal Auto', '2011-02-22', '345.60'),
('201921', 'AW18068', '9789', 'Personal Auto', '2011-02-22', '633.60'),
('201922', 'GH42026', '9790', 'Personal Auto', '2011-02-22', '117.67'),
('201923', 'ZC32510', '9791', 'Personal Auto', '2011-02-22', '1265.57'),
('201924', 'EP72155', '9792', 'Personal Auto', '2011-02-22', '316.80'),
('201925', 'LA80525', '9793', 'Corporate Auto', '2011-02-22', '393.60'),
('201926', 'CH97539', '9794', 'Personal Auto', '2011-02-22', '142.57'),
('201927', 'VZ79886', '9795', 'Personal Auto', '2011-02-22', '768.00'),
('201928', 'EI91403', '9796', 'Personal Auto', '2011-02-22', '420.36'),
('201929', 'MD73554', '9797', 'Personal Auto', '2011-02-22', '316.80'),
('201930', 'GG68407', '9798', 'Personal Auto', '2011-02-22', '468.00'),
('201931', 'FU99476', '9799', 'Personal Auto', '2011-02-22', '95.34'),
('201932', 'FX55923', '9800', 'Personal Auto', '2011-02-22', '7.07'),
('201933', 'TH84309', '9801', 'Personal Auto', '2011-02-22', '604.80'),
('201934', 'PB43222', '9802', 'Personal Auto', '2011-02-22', '547.20'),
('201935', 'PD55753', '9803', 'Personal Auto', '2011-02-23', '554.52'),
('201936', 'NV55438', '9804', 'Personal Auto', '2011-02-23', '518.40'),
('201937', 'ZM92052', '9805', 'Personal Auto', '2011-02-23', '67.86'),
('201938', 'NN99001', '9806', 'Personal Auto', '2011-02-23', '512.66'),
('201939', 'XJ96748', '9807', 'Personal Auto', '2011-02-23', '475.20'),
('201940', 'UC88305', '9808', 'Corporate Auto', '2011-02-23', '141.92'),
('201941', 'AS97690', '9809', 'Personal Auto', '2011-02-23', '292.80'),
('201942', 'ZN34245', '9810', 'Corporate Auto', '2011-02-23', '489.60'),
('201943', 'UT73461', '9811', 'Special Auto', '2011-02-23', '134.22'),
('201944', 'EJ43595', '9812', 'Corporate Auto', '2011-02-23', '779.63'),
('201945', 'WV69362', '9813', 'Corporate Auto', '2011-02-23', '475.20'),
('201946', 'NH19236', '9814', 'Personal Auto', '2011-02-23', '199.79'),
('201947', 'MY43761', '9815', 'Personal Auto', '2011-02-23', '657.60'),
('201948', 'VM85555', '9816', 'Personal Auto', '2011-02-23', '33.72'),
('201949', 'BV86143', '9817', 'Personal Auto', '2011-02-23', '219.21'),
('201950', 'OM80593', '9818', 'Personal Auto', '2011-02-23', '499.20'),
('201951', 'KH48996', '9819', 'Personal Auto', '2011-02-23', '5.57'),
('201952', 'TO34442', '9820', 'Personal Auto', '2011-02-23', '340.80'),
('201953', 'SW96063', '9821', 'Personal Auto', '2011-02-23', '553.61'),
('201954', 'RJ99408', '9822', 'Personal Auto', '2011-02-23', '326.40'),
('201955', 'NP60037', '9823', 'Corporate Auto', '2011-02-23', '892.80'),
('201956', 'XM39121', '9824', 'Personal Auto', '2011-02-23', '331.20'),
('201957', 'HU82227', '9825', 'Corporate Auto', '2011-02-23', '371.32'),
('201958', 'PY51000', '9826', 'Personal Auto', '2011-02-23', '451.57'),
('201959', 'ZH93283', '9827', 'Personal Auto', '2011-02-23', '412.80'),
('201960', 'FH85960', '9828', 'Personal Auto', '2011-03-01', '542.40'),
('201961', 'QH48047', '9829', 'Personal Auto', '2011-03-01', '316.80'),
('201962', 'LW93867', '9830', 'Corporate Auto', '2011-03-01', '102.88'),
('201963', 'RR77985', '9831', 'Personal Auto', '2011-03-01', '676.94'),
('201964', 'QA17596', '9832', 'Personal Auto', '2011-03-01', '470.40'),
('201965', 'DI30528', '9833', 'Personal Auto', '2011-03-01', '56.60'),
('201966', 'DB42794', '9834', 'Personal Auto', '2011-03-01', '528.00'),
('201967', 'ZY90118', '9835', 'Corporate Auto', '2011-03-01', '542.40'),
('201968', 'KY14688', '9836', 'Personal Auto', '2011-03-01', '145.25'),
('201969', 'CR92802', '9837', 'Special Auto', '2011-03-01', '56.60'),
('201970', 'RB34917', '9838', 'Personal Auto', '2011-03-01', '809.53'),
('201971', 'FF28650', '9839', 'Personal Auto', '2011-03-01', '566.40'),
('201972', 'NS45347', '9840', 'Personal Auto', '2011-03-01', '350.40'),
('201973', 'NX18774', '9841', 'Corporate Auto', '2011-03-01', '513.60'),
('201974', 'NI44621', '9842', 'Personal Auto', '2011-03-01', '113.45'),
('201975', 'EJ44139', '9843', 'Personal Auto', '2011-03-01', '312.00'),
('201976', 'XR64251', '9844', 'Personal Auto', '2011-03-01', '56.60'),
('201977', 'FT56968', '9845', 'Personal Auto', '2011-03-01', '321.60'),
('201978', 'CC91503', '9846', 'Personal Auto', '2011-03-01', '648.00'),
('201979', 'QO65264', '9847', 'Personal Auto', '2011-03-01', '108.14'),
('201980', 'NF35573', '9848', 'Special Auto', '2011-03-01', '1149.20'),
('201981', 'ZY99878', '9849', 'Personal Auto', '2011-03-01', '833.07'),
('201982', 'HS85465', '9850', 'Corporate Auto', '2011-03-01', '331.20'),
('201983', 'SI78985', '9851', 'Personal Auto', '2011-03-01', '66.02'),
('201984', 'WB12017', '9852', 'Personal Auto', '2011-03-01', '316.80'),
('201985', 'HP36979', '9853', 'Personal Auto', '2011-03-02', '566.94'),
('201986', 'CR57148', '9854', 'Personal Auto', '2011-03-02', '128.44'),
('201987', 'QP84605', '9855', 'Corporate Auto', '2011-03-02', '121.31'),
('201988', 'EM29359', '9856', 'Personal Auto', '2011-03-02', '1317.60'),
('201989', 'RM24280', '9857', 'Personal Auto', '2011-03-02', '537.60'),
('201990', 'HD95496', '9858', 'Personal Auto', '2011-03-02', '271.70'),
('201991', 'JY45873', '9859', 'Corporate Auto', '2011-03-02', '624.00'),
('201992', 'RP19541', '9860', 'Personal Auto', '2011-03-02', '268.47'),
('201993', 'DN29808', '9861', 'Corporate Auto', '2011-03-02', '518.40'),
('201994', 'LN50325', '9862', 'Corporate Auto', '2011-03-02', '614.40'),
('201995', 'HD95276', '9863', 'Personal Auto', '2011-03-02', '23.82'),
('201996', 'CM95716', '9864', 'Personal Auto', '2011-03-02', '72.21'),
('201997', 'UQ30615', '9865', 'Corporate Auto', '2011-03-02', '268.47'),
('201998', 'YB49933', '9866', 'Personal Auto', '2011-03-02', '441.60'),
('201999', 'HM76207', '9867', 'Corporate Auto', '2011-03-02', '547.20'),
('202000', 'DS97676', '9868', 'Personal Auto', '2011-03-02', '518.40'),
('202001', 'RG30482', '9869', 'Personal Auto', '2011-03-02', '1418.40'),
('202002', 'FR56877', '9870', 'Special Auto', '2011-03-02', '475.20'),
('202003', 'VW82067', '9871', 'Personal Auto', '2011-03-02', '307.20'),
('202004', 'AC22873', '9872', 'Special Auto', '2011-03-02', '717.29'),
('202005', 'XP16538', '9873', 'Corporate Auto', '2011-03-02', '419.11'),
('202006', 'KC32511', '9874', 'Personal Auto', '2011-03-02', '307.20'),
('202007', 'BY88757', '9875', 'Personal Auto', '2011-03-02', '939.53'),
('202008', 'EW82164', '9876', 'Personal Auto', '2011-03-02', '499.20'),
('202009', 'DZ45471', '9877', 'Personal Auto', '2011-03-02', '268.47'),
('202010', 'BD35676', '9878', 'Personal Auto', '2011-04-01', '452.62'),
('202011', 'GR62267', '9879', 'Personal Auto', '2011-04-01', '148.17'),
('202012', 'GL20444', '9880', 'Corporate Auto', '2011-04-01', '24.09'),
('202013', 'SU56153', '9881', 'Corporate Auto', '2011-04-01', '390.79'),
('202014', 'YQ15567', '9882', 'Personal Auto', '2011-04-01', '552.00'),
('202015', 'QR15221', '9883', 'Personal Auto', '2011-04-01', '312.00'),
('202016', 'UX92071', '9884', 'Personal Auto', '2011-04-01', '955.20'),
('202017', 'LV62981', '9885', 'Corporate Auto', '2011-04-01', '616.75'),
('202018', 'ZV93969', '9886', 'Corporate Auto', '2011-04-01', '652.80'),
('202019', 'YJ43481', '9887', 'Corporate Auto', '2011-04-01', '406.43'),
('202020', 'IC41932', '9888', 'Personal Auto', '2011-04-01', '542.40'),
('202021', 'RZ24101', '9889', 'Personal Auto', '2011-04-01', '888.00'),
('202022', 'KH44031', '9890', 'Personal Auto', '2011-04-01', '398.40'),
('202023', 'VL80291', '9891', 'Personal Auto', '2011-04-01', '122.31'),
('202024', 'BN74268', '9892', 'Personal Auto', '2011-04-01', '475.20'),
('202025', 'OC80343', '9893', 'Personal Auto', '2011-04-01', '198.84'),
('202026', 'WD48852', '9894', 'Special Auto', '2011-04-01', '1296.00'),
('202027', 'JG87029', '9895', 'Personal Auto', '2011-04-01', '292.80'),
('202028', 'OW85480', '9896', 'Personal Auto', '2011-04-01', '331.20'),
('202029', 'CP30637', '9897', 'Corporate Auto', '2011-04-01', '209.02'),
('202030', 'WJ52097', '9898', 'Corporate Auto', '2011-04-01', '436.80'),
('202031', 'AM52614', '9899', 'Personal Auto', '2011-04-01', '571.20'),
('202032', 'MC53402', '9900', 'Personal Auto', '2011-04-01', '389.94'),
('202033', 'FZ24763', '9901', 'Personal Auto', '2011-04-01', '123.95'),
('202034', 'QN44699', '9902', 'Personal Auto', '2011-04-01', '803.69'),
('202035', 'XX84133', '9903', 'Corporate Auto', '2011-04-02', '5.40'),
('202036', 'HO29524', '9904', 'Personal Auto', '2011-04-02', '99.38'),
('202037', 'RO26085', '9905', 'Personal Auto', '2011-04-02', '1252.41'),
('202038', 'RN97635', '9906', 'Corporate Auto', '2011-04-02', '421.48'),
('202039', 'CP85232', '9907', 'Special Auto', '2011-04-02', '302.03'),
('202040', 'OT47603', '9908', 'Personal Auto', '2011-04-02', '804.81'),
('202041', 'OS46571', '9909', 'Personal Auto', '2011-04-02', '475.20'),
('202042', 'PU18983', '9910', 'Personal Auto', '2011-04-02', '528.00'),
('202043', 'UK76891', '9911', 'Corporate Auto', '2011-04-02', '316.80'),
('202044', 'MR67738', '9912', 'Personal Auto', '2011-04-02', '321.60'),
('202045', 'OL72737', '9913', 'Personal Auto', '2011-04-02', '244.23'),
('202046', 'BM15160', '9914', 'Special Auto', '2011-04-02', '73.88'),
('202047', 'FA46418', '9915', 'Personal Auto', '2011-04-02', '374.40'),
('202048', 'AL46984', '9916', 'Personal Auto', '2011-04-02', '350.40'),
('202049', 'SZ16483', '9917', 'Personal Auto', '2011-04-02', '523.20'),
('202050', 'WF73839', '9918', 'Personal Auto', '2011-04-02', '302.59'),
('202051', 'JX19907', '9919', 'Corporate Auto', '2011-04-02', '1261.94'),
('202052', 'ZZ83340', '9920', 'Personal Auto', '2011-04-02', '315.00'),
('202053', 'FG46258', '9921', 'Corporate Auto', '2011-04-02', '320.52'),
('202054', 'HV93429', '9922', 'Personal Auto', '2011-04-02', '81.45'),
('202055', 'WV66165', '9923', 'Personal Auto', '2011-04-02', '278.28'),
('202056', 'MG99229', '9924', 'Corporate Auto', '2011-04-02', '1777.47'),
('202057', 'YA11342', '9925', 'Personal Auto', '2011-04-02', '518.72'),
('202058', 'KY39767', '9926', 'Personal Auto', '2011-04-02', '489.60'),
('202059', 'DI89983', '9927', 'Personal Auto', '2011-04-02', '340.80'),
('202060', 'OE15005', '9928', 'Personal Auto', '2011-05-01', '647.44'),
('202061', 'CW82151', '9929', 'Personal Auto', '2011-05-01', '64.11'),
('202062', 'GL56175', '9930', 'Personal Auto', '2011-05-01', '244.36'),
('202063', 'YM57893', '9931', 'Personal Auto', '2011-05-01', '741.42'),
('202064', 'RE81445', '9932', 'Personal Auto', '2011-05-01', '50.59'),
('202065', 'RQ19236', '9933', 'Personal Auto', '2011-05-01', '259.56'),
('202066', 'KL98495', '9934', 'Personal Auto', '2011-05-01', '426.66'),
('202067', 'MO56878', '9935', 'Corporate Auto', '2011-05-01', '664.98'),
('202068', 'RJ85627', '9936', 'Personal Auto', '2011-05-01', '245.45'),
('202069', 'CC31456', '9937', 'Special Auto', '2011-05-01', '160.60'),
('202070', 'UY18770', '9938', 'Personal Auto', '2011-05-01', '1300.80'),
('202071', 'QW47320', '9939', 'Personal Auto', '2011-05-01', '1300.80'),
('202072', 'LA14484', '9940', 'Special Auto', '2011-05-01', '292.80'),
('202073', 'OM99303', '9941', 'Personal Auto', '2011-05-01', '321.60'),
('202074', 'MW62634', '9942', 'Corporate Auto', '2011-05-01', '292.80'),
('202075', 'XM91635', '9943', 'Special Auto', '2011-05-01', '219.29'),
('202076', 'XM72420', '9944', 'Personal Auto', '2011-05-01', '558.10'),
('202077', 'QL77686', '9945', 'Corporate Auto', '2011-05-01', '463.34'),
('202078', 'DT77901', '9946', 'Personal Auto', '2011-05-01', '1300.80'),
('202079', 'MY80583', '9947', 'Personal Auto', '2011-05-01', '316.80'),
('202080', 'HP50399', '9948', 'Personal Auto', '2011-05-01', '542.40'),
('202081', 'SS48498', '9949', 'Corporate Auto', '2011-05-01', '193.57'),
('202082', 'XD21246', '9950', 'Personal Auto', '2011-05-01', '921.60'),
('202083', 'KK30016', '9951', 'Personal Auto', '2011-05-01', '331.20'),
('202084', 'NP88496', '9952', 'Personal Auto', '2011-05-01', '482.40'),
('202085', 'TL77607', '9953', 'Personal Auto', '2011-05-02', '197.78'),
('202086', 'MM71959', '9954', 'Personal Auto', '2011-05-02', '528.00'),
('202087', 'RX13282', '9955', 'Personal Auto', '2011-05-02', '828.00'),
('202088', 'XI41106', '9956', 'Corporate Auto', '2011-05-02', '256.27'),
('202089', 'ON77827', '9957', 'Personal Auto', '2011-05-02', '180.67'),
('202090', 'VA30351', '9958', 'Personal Auto', '2011-05-02', '340.80'),
('202091', 'VO38365', '9959', 'Corporate Auto', '2011-05-02', '128.65'),
('202092', 'NR32615', '9960', 'Corporate Auto', '2011-05-02', '350.40'),
('202093', 'PU98976', '9961', 'Personal Auto', '2011-05-02', '633.60'),
('202094', 'CS15289', '9962', 'Personal Auto', '2011-05-02', '419.26'),
('202095', 'UY45293', '9963', 'Corporate Auto', '2011-05-02', '456.00'),
('202096', 'GT54462', '9964', 'Personal Auto', '2011-05-02', '821.52'),
('202097', 'OR48881', '9965', 'Corporate Auto', '2011-05-02', '4.61'),
('202098', 'PM13394', '9966', 'Personal Auto', '2011-05-02', '211.14'),
('202099', 'HM20544', '9967', 'Personal Auto', '2011-05-02', '479.10'),
('202100', 'MX50302', '9968', 'Special Auto', '2011-05-02', '225.58'),
('202101', 'BM66931', '9969', 'Personal Auto', '2011-05-02', '407.05'),
('202102', 'UX71137', '9970', 'Personal Auto', '2011-05-02', '372.36'),
('202103', 'TP15362', '9971', 'Personal Auto', '2011-05-02', '655.20'),
('202104', 'LH92841', '9972', 'Personal Auto', '2011-05-02', '50.53'),
('202105', 'OO35641', '9973', 'Personal Auto', '2011-05-02', '448.26'),
('202106', 'FB84235', '9974', 'Personal Auto', '2011-05-02', '350.40'),
('202107', 'QZ17137', '9975', 'Personal Auto', '2011-05-02', '182.95'),
('202108', 'FV42881', '9976', 'Corporate Auto', '2011-05-02', '67.49'),
('202109', 'ER40041', '9977', 'Personal Auto', '2011-05-02', '145.59'),
('202110', 'VQ65197', '9978', 'Personal Auto', '2011-06-01', '528.00'),
('202111', 'OS94884', '9979', 'Personal Auto', '2011-06-01', '128.71'),
('202112', 'TH95618', '9980', 'Personal Auto', '2011-06-01', '355.20'),
('202113', 'TE34064', '9981', 'Personal Auto', '2011-06-01', '453.60'),
('202114', 'OM24164', '9982', 'Personal Auto', '2011-06-01', '468.00'),
('202115', 'KB72438', '9983', 'Personal Auto', '2011-06-01', '115.55'),
('202116', 'EK87864', '9984', 'Special Auto', '2011-06-01', '139.49'),
('202117', 'AI85843', '9985', 'Personal Auto', '2011-06-01', '221.86'),
('202118', 'XS12556', '9986', 'Corporate Auto', '2011-06-01', '564.47'),
('202119', 'WK23685', '9987', 'Corporate Auto', '2011-06-01', '182.43'),
('202120', 'NG66579', '9988', 'Personal Auto', '2011-06-01', '262.12'),
('202121', 'PN18507', '9989', 'Personal Auto', '2011-06-01', '715.25'),
('202122', 'TA34903', '9990', 'Personal Auto', '2011-06-01', '281.30'),
('202123', 'MH40017', '9991', 'Personal Auto', '2011-06-01', '365.31'),
('202124', 'PN22481', '9992', 'Corporate Auto', '2011-06-01', '316.80'),
('202125', 'QA41558', '9993', 'Personal Auto', '2011-06-01', '172.52'),
('202126', 'FS29897', '9994', 'Personal Auto', '2011-06-01', '292.80'),
('202127', 'UQ85283', '9995', 'Personal Auto', '2011-06-01', '251.43'),
('202128', 'AB21519', '9996', 'Personal Auto', '2011-06-01', '281.11'),
('202129', 'NY97446', '9997', 'Corporate Auto', '2011-06-01', '293.21'),
('202130', 'OK50159', '9998', 'Personal Auto', '2011-06-01', '215.23'),
('202131', 'UP97629', '9999', 'Personal Auto', '2011-06-01', '245.67'),
('202132', 'ZG84862', '10000', 'Personal Auto', '2011-06-01', '446.40'),
('202133', 'TW91179', '10001', 'Corporate Auto', '2011-06-01', '281.11'),
('202134', 'IY59173', '10002', 'Personal Auto', '2011-06-01', '619.20'),
('202135', 'DM79012', '10003', 'Personal Auto', '2011-06-02', '436.80'),
('202136', 'LN31673', '10004', 'Personal Auto', '2011-06-02', '115.73'),
('202137', 'NR15332', '10005', 'Personal Auto', '2011-06-02', '312.00'),
('202138', 'RI24911', '10006', 'Personal Auto', '2011-06-02', '231.20'),
('202139', 'EM66435', '10007', 'Corporate Auto', '2011-06-02', '20.54'),
('202140', 'AY40674', '10008', 'Personal Auto', '2011-06-02', '614.40'),
('202141', 'WU60905', '10009', 'Corporate Auto', '2011-06-02', '532.80'),
('202142', 'GN45013', '10010', 'Personal Auto', '2011-06-02', '340.80'),
('202143', 'GF65731', '10011', 'Personal Auto', '2011-06-02', '799.93'),
('202144', 'ZR25747', '10012', 'Corporate Auto', '2011-06-02', '494.40'),
('202145', 'LL62746', '10013', 'Personal Auto', '2011-06-02', '328.23'),
('202146', 'AW73065', '10014', 'Personal Auto', '2011-06-02', '532.80'),
('202147', 'SH55671', '10015', 'Personal Auto', '2011-06-02', '772.80'),
('202148', 'TN50051', '10016', 'Personal Auto', '2011-06-02', '211.34'),
('202149', 'KM33477', '10017', 'Corporate Auto', '2011-06-02', '525.60'),
('202150', 'ZO83562', '10018', 'Personal Auto', '2011-06-02', '494.95'),
('202151', 'CB58476', '10019', 'Corporate Auto', '2011-06-02', '859.60'),
('202152', 'FS76657', '10020', 'Personal Auto', '2011-06-02', '278.90'),
('202153', 'KJ87930', '10021', 'Corporate Auto', '2011-06-02', '1185.99'),
('202154', 'VB87946', '10022', 'Personal Auto', '2011-06-02', '266.17'),
('202155', 'KU61611', '10023', 'Corporate Auto', '2011-06-02', '518.40'),
('202156', 'VH62084', '10024', 'Personal Auto', '2011-06-02', '811.09'),
('202157', 'IA15979', '10025', 'Personal Auto', '2011-06-02', '302.79'),
('202158', 'SG32258', '10026', 'Personal Auto', '2011-06-02', '125.27'),
('202159', 'PM61374', '10027', 'Personal Auto', '2011-06-02', '550.83'),
('202160', 'UO98052', '10028', 'Personal Auto', '2011-07-01', '342.48'),
('202161', 'NT89061', '10029', 'Personal Auto', '2011-07-01', '374.40'),
('202162', 'KU56006', '10030', 'Personal Auto', '2011-07-01', '336.00'),
('202163', 'YH43527', '10031', 'Corporate Auto', '2011-07-01', '441.60'),
('202164', 'QH19450', '10032', 'Corporate Auto', '2011-07-01', '345.60'),
('202165', 'MK70700', '10033', 'Personal Auto', '2011-07-01', '176.82'),
('202166', 'QY74517', '10034', 'Personal Auto', '2011-07-01', '525.60'),
('202167', 'FY51713', '10035', 'Personal Auto', '2011-07-01', '614.68'),
('202168', 'BX94438', '10036', 'Corporate Auto', '2011-07-01', '619.97'),
('202169', 'DJ77787', '10037', 'Personal Auto', '2011-07-01', '371.80'),
('202170', 'GM62071', '10038', 'Personal Auto', '2011-07-01', '902.40'),
('202171', 'SU71163', '10039', 'Personal Auto', '2011-07-01', '355.20'),
('202172', 'EA25683', '10040', 'Corporate Auto', '2011-07-01', '798.00'),
('202173', 'MC71942', '10041', 'Personal Auto', '2011-07-01', '22.82'),
('202174', 'YQ99152', '10042', 'Personal Auto', '2011-07-01', '422.40'),
('202175', 'PM76175', '10043', 'Corporate Auto', '2011-07-01', '639.97'),
('202176', 'UT38865', '10044', 'Corporate Auto', '2011-07-01', '161.42'),
('202177', 'FE73696', '10045', 'Personal Auto', '2011-07-01', '360.06'),
('202178', 'SW19699', '10046', 'Personal Auto', '2011-07-01', '65.95'),
('202179', 'YT69858', '10047', 'Personal Auto', '2011-07-01', '249.09'),
('202180', 'SA50567', '10048', 'Personal Auto', '2011-07-01', '342.52'),
('202181', 'UI73201', '10049', 'Personal Auto', '2011-07-01', '618.63'),
('202182', 'YI28422', '10050', 'Personal Auto', '2011-07-01', '499.23'),
('202183', 'RB38792', '10051', 'Personal Auto', '2011-07-01', '57.71'),
('202184', 'TA89713', '10052', 'Personal Auto', '2011-07-01', '57.71'),
('202185', 'KP34198', '10053', 'Corporate Auto', '2011-07-02', '529.62'),
('202186', 'XA55993', '10054', 'Personal Auto', '2011-07-02', '143.75'),
('202187', 'BU44523', '10055', 'Corporate Auto', '2011-07-02', '532.80'),
('202188', 'OZ97704', '10056', 'Personal Auto', '2011-07-02', '532.80'),
('202189', 'BQ51587', '10057', 'Personal Auto', '2011-07-02', '365.36'),
('202190', 'GE87503', '10058', 'Personal Auto', '2011-07-02', '739.20'),
('202191', 'JZ61422', '10059', 'Personal Auto', '2011-07-02', '316.80'),
('202192', 'OJ90342', '10060', 'Personal Auto', '2011-07-02', '7.65'),
('202193', 'EG48956', '10061', 'Personal Auto', '2011-07-02', '639.46'),
('202194', 'TE35785', '10062', 'Personal Auto', '2011-07-02', '1337.06'),
('202195', 'LU89008', '10063', 'Personal Auto', '2011-07-02', '628.02'),
('202196', 'GM16780', '10064', 'Corporate Auto', '2011-07-02', '192.09'),
('202197', 'JY90595', '10065', 'Personal Auto', '2011-07-02', '350.40'),
('202198', 'YE68736', '10066', 'Personal Auto', '2011-07-02', '926.40'),
('202199', 'SI26888', '10067', 'Personal Auto', '2011-07-02', '405.53'),
('202200', 'OX72195', '10068', 'Corporate Auto', '2011-07-02', '302.40'),
('202201', 'FG91922', '10069', 'Personal Auto', '2011-07-02', '532.80'),
('202202', 'KU88219', '10070', 'Personal Auto', '2011-07-02', '571.20'),
('202203', 'NE49052', '10071', 'Corporate Auto', '2011-07-02', '411.01'),
('202204', 'TS53809', '10072', 'Personal Auto', '2011-07-02', '349.78'),
('202205', 'NH16984', '10073', 'Personal Auto', '2011-07-02', '336.51'),
('202206', 'FH51383', '10074', 'Personal Auto', '2011-07-02', '300.53'),
('202207', 'GK72076', '10075', 'Personal Auto', '2011-07-02', '641.23'),
('202208', 'EL62967', '10076', 'Personal Auto', '2011-07-02', '57.61'),
('202209', 'QN62502', '10077', 'Personal Auto', '2011-07-02', '157.44'),
('202210', 'KY38074', '10078', 'Personal Auto', '2011-08-01', '561.60'),
('202211', 'MC62068', '10079', 'Personal Auto', '2011-08-01', '396.30'),
('202212', 'ZW84453', '10080', 'Personal Auto', '2011-08-01', '131.40'),
('202213', 'BI76326', '10081', 'Personal Auto', '2011-08-01', '430.51'),
('202214', 'AP98768', '10082', 'Personal Auto', '2011-08-01', '941.72'),
('202215', 'DW19309', '10083', 'Corporate Auto', '2011-08-01', '849.60'),
('202216', 'TT82373', '10084', 'Personal Auto', '2011-08-01', '938.51'),
('202217', 'VP57424', '10085', 'Personal Auto', '2011-08-01', '299.36'),
('202218', 'CQ75652', '10086', 'Personal Auto', '2011-08-01', '566.40'),
('202219', 'TK60799', '10087', 'Personal Auto', '2011-08-01', '1.92'),
('202220', 'XR87264', '10088', 'Personal Auto', '2011-08-01', '615.26'),
('202221', 'WL65572', '10089', 'Personal Auto', '2011-08-01', '292.80'),
('202222', 'DE28132', '10090', 'Corporate Auto', '2011-08-01', '799.67'),
('202223', 'QD31377', '10091', 'Corporate Auto', '2011-08-01', '621.46'),
('202224', 'VG57728', '10092', 'Corporate Auto', '2011-08-01', '8.44'),
('202225', 'DP26592', '10093', 'Personal Auto', '2011-08-01', '188.33'),
('202226', 'AG22225', '10094', 'Personal Auto', '2011-08-01', '460.80'),
('202227', 'LS98306', '10095', 'Special Auto', '2011-08-01', '561.60'),
('202228', 'EP93369', '10096', 'Personal Auto', '2011-08-01', '871.20'),
('202229', 'TD20252', '10097', 'Personal Auto', '2011-08-01', '321.60'),
('202230', 'JU19953', '10098', 'Personal Auto', '2011-08-01', '203.99'),
('202231', 'OJ33945', '10099', 'Personal Auto', '2011-08-01', '151.84'),
('202232', 'DX98298', '10100', 'Personal Auto', '2011-08-01', '615.24'),
('202233', 'EZ74530', '10101', 'Personal Auto', '2011-08-01', '748.80'),
('202234', 'WY57101', '10102', 'Personal Auto', '2011-08-01', '475.20'),
('202235', 'SR38658', '10103', 'Personal Auto', '2011-08-02', '494.40'),
('202236', 'SX26335', '10104', 'Personal Auto', '2011-08-02', '289.91'),
('202237', 'RV98763', '10105', 'Personal Auto', '2011-08-02', '275.40'),
('202238', 'XV84099', '10106', 'Corporate Auto', '2011-08-02', '350.40'),
('202239', 'JC11405', '10107', 'Personal Auto', '2011-08-02', '1324.80'),
('202240', 'BV55014', '10108', 'Personal Auto', '2011-08-02', '302.40'),
('202241', 'VW27730', '10109', 'Corporate Auto', '2011-08-02', '231.92'),
('202242', 'SN16059', '10110', 'Personal Auto', '2011-08-02', '475.20'),
('202243', 'GQ66762', '10111', 'Personal Auto', '2011-08-02', '171.33'),
('202244', 'US85318', '10112', 'Corporate Auto', '2011-08-02', '166.51'),
('202245', 'QG15661', '10113', 'Personal Auto', '2011-08-02', '123.44'),
('202246', 'VW46878', '10114', 'Personal Auto', '2011-08-02', '316.80'),
('202247', 'WO78310', '10115', 'Personal Auto', '2011-08-02', '292.80'),
('202248', 'MK52197', '10116', 'Personal Auto', '2011-08-02', '340.80'),
('202249', 'RJ79502', '10117', 'Personal Auto', '2011-08-02', '449.41'),
('202250', 'DT99586', '10118', 'Personal Auto', '2011-08-02', '12.25'),
('202251', 'UW98698', '10119', 'Personal Auto', '2011-08-02', '542.02'),
('202252', 'XT93203', '10120', 'Personal Auto', '2011-08-02', '1324.80'),
('202253', 'AV72430', '10121', 'Personal Auto', '2011-08-02', '494.40'),
('202254', 'HR64684', '10122', 'Personal Auto', '2011-08-02', '475.20'),
('202255', 'BU16704', '10123', 'Personal Auto', '2011-08-02', '590.40'),
('202256', 'YU72540', '10124', 'Personal Auto', '2011-08-02', '123.51'),
('202257', 'XZ64172', '10125', 'Corporate Auto', '2011-08-02', '1324.80'),
('202258', 'MD43085', '10126', 'Personal Auto', '2011-08-02', '403.94'),
('202259', 'WP58340', '10127', 'Personal Auto', '2011-08-02', '1324.80'),
('202260', 'DE75225', '10128', 'Personal Auto', '2011-09-01', '561.60'),
('202261', 'DS81757', '10129', 'Personal Auto', '2011-09-01', '721.24'),
('202262', 'XC67861', '10130', 'Corporate Auto', '2011-09-01', '321.60'),
('202263', 'QR87004', '10131', 'Personal Auto', '2011-09-01', '25.44'),
('202264', 'EN21086', '10132', 'Personal Auto', '2011-09-01', '302.40'),
('202265', 'XX12304', '10133', 'Personal Auto', '2011-09-01', '240.26'),
('202266', 'FE84989', '10134', 'Personal Auto', '2011-09-01', '259.36'),
('202267', 'XI41052', '10135', 'Personal Auto', '2011-09-01', '667.20'),
('202268', 'DQ10761', '10136', 'Corporate Auto', '2011-09-01', '350.40'),
('202269', 'UX38930', '10137', 'Personal Auto', '2011-09-01', '347.08'),
('202270', 'FJ54907', '10138', 'Personal Auto', '2011-09-01', '1210.92'),
('202271', 'PN86062', '10139', 'Corporate Auto', '2011-09-01', '408.00'),
('202272', 'BD16530', '10140', 'Personal Auto', '2011-09-01', '225.15'),
('202273', 'PI78084', '10141', 'Personal Auto', '2011-09-01', '525.60'),
('202274', 'TJ20375', '10142', 'Personal Auto', '2011-09-01', '302.40'),
('202275', 'GB35238', '10143', 'Personal Auto', '2011-09-01', '401.59'),
('202276', 'NF31087', '10144', 'Personal Auto', '2011-09-01', '331.20'),
('202277', 'VT63298', '10145', 'Personal Auto', '2011-09-01', '345.60'),
('202278', 'NJ46849', '10146', 'Personal Auto', '2011-09-01', '496.80'),
('202279', 'OD56551', '10147', 'Personal Auto', '2011-09-01', '447.91'),
('202280', 'DQ28641', '10148', 'Personal Auto', '2011-09-01', '511.20'),
('202281', 'NP91656', '10149', 'Personal Auto', '2011-09-01', '496.80'),
('202282', 'VU32116', '10150', 'Personal Auto', '2011-09-01', '621.96'),
('202283', 'IE15348', '10151', 'Personal Auto', '2011-09-01', '371.80'),
('202284', 'YX99200', '10152', 'Personal Auto', '2011-09-01', '294.06'),
('202285', 'BH35016', '10153', 'Personal Auto', '2011-09-02', '424.88'),
('202286', 'JM62924', '10154', 'Personal Auto', '2011-09-02', '403.20'),
('202287', 'NI17718', '10155', 'Personal Auto', '2011-09-02', '292.80'),
('202288', 'ES57969', '10156', 'Personal Auto', '2011-09-02', '331.20'),
('202289', 'UK59698', '10157', 'Personal Auto', '2011-09-02', '297.60'),
('202290', 'CM55703', '10158', 'Personal Auto', '2011-09-02', '355.20'),
('202291', 'OH64088', '10159', 'Corporate Auto', '2011-09-02', '338.62'),
('202292', 'RX12347', '10160', 'Personal Auto', '2011-09-02', '432.00'),
('202293', 'ZF40671', '10161', 'Personal Auto', '2011-09-02', '333.89'),
('202294', 'JS43228', '10162', 'Corporate Auto', '2011-09-02', '698.40'),
('202295', 'JX68983', '10163', 'Personal Auto', '2011-09-02', '331.20'),
('202296', 'YE97964', '10164', 'Personal Auto', '2011-09-02', '302.76'),
('202297', 'HV83672', '10165', 'Personal Auto', '2011-09-02', '321.87'),
('202298', 'OS75493', '10166', 'Corporate Auto', '2011-09-02', '470.40'),
('202299', 'MU23938', '10167', 'Personal Auto', '2011-09-02', '272.22'),
('202300', 'VL34577', '10168', 'Personal Auto', '2011-09-02', '345.60'),
('202301', 'OO63074', '10169', 'Personal Auto', '2011-09-02', '566.40'),
('202302', 'LW77178', '10170', 'Corporate Auto', '2011-09-02', '470.40'),
('202303', 'EG94326', '10171', 'Personal Auto', '2011-09-02', '513.60'),
('202304', 'JW12998', '10172', 'Personal Auto', '2011-09-02', '604.80'),
('202305', 'CU13711', '10173', 'Personal Auto', '2011-09-02', '308.63'),
('202306', 'YO58424', '10174', 'Corporate Auto', '2011-09-02', '316.80'),
('202307', 'HJ15383', '10175', 'Personal Auto', '2011-09-02', '160.08'),
('202308', 'UF37831', '10176', 'Personal Auto', '2011-09-02', '731.56'),
('202309', 'NM62724', '10177', 'Personal Auto', '2011-09-02', '544.36'),
('202310', 'SJ95423', '10178', 'Corporate Auto', '2011-10-01', '528.00'),
('202311', 'DP45816', '10179', 'Personal Auto', '2011-10-01', '465.26'),
('202312', 'IC13702', '10180', 'Personal Auto', '2011-10-01', '496.80'),
('202313', 'JT52858', '10181', 'Personal Auto', '2011-10-01', '537.60'),
('202314', 'CE56187', '10182', 'Personal Auto', '2011-10-01', '286.23'),
('202315', 'CM88932', '10183', 'Corporate Auto', '2011-10-01', '55.51'),
('202316', 'RA66180', '10184', 'Corporate Auto', '2011-10-01', '305.58'),
('202317', 'NM88660', '10185', 'Corporate Auto', '2011-10-01', '25.30'),
('202318', 'IO33050', '10186', 'Personal Auto', '2011-10-01', '302.82'),
('202319', 'FV19421', '10187', 'Personal Auto', '2011-10-01', '246.49'),
('202320', 'NZ15548', '10188', 'Personal Auto', '2011-10-01', '643.83'),
('202321', 'KH59823', '10189', 'Special Auto', '2011-10-01', '667.20'),
('202322', 'DR38127', '10190', 'Personal Auto', '2011-10-01', '678.10'),
('202323', 'BE62503', '10191', 'Personal Auto', '2011-10-01', '511.50'),
('202324', 'UU98729', '10192', 'Personal Auto', '2011-10-01', '350.85'),
('202325', 'MR57294', '10193', 'Personal Auto', '2011-10-01', '425.80'),
('202326', 'OA96690', '10194', 'Personal Auto', '2011-10-01', '287.15'),
('202327', 'VM84548', '10195', 'Personal Auto', '2011-10-01', '528.00'),
('202328', 'OH15771', '10196', 'Personal Auto', '2011-10-01', '561.60'),
('202329', 'BI34376', '10197', 'Personal Auto', '2011-10-01', '470.40'),
('202330', 'KT40899', '10198', 'Personal Auto', '2011-10-01', '9.75'),
('202331', 'OI29521', '10199', 'Corporate Auto', '2011-10-01', '161.42'),
('202332', 'ET79528', '10200', 'Personal Auto', '2011-10-01', '80.66'),
('202333', 'SC93784', '10201', 'Personal Auto', '2011-10-01', '144.44'),
('202334', 'IQ82914', '10202', 'Personal Auto', '2011-10-01', '72.67'),
('202335', 'TX17484', '10203', 'Personal Auto', '2011-10-02', '105.77'),
('202336', 'DJ51510', '10204', 'Personal Auto', '2011-10-02', '67.88'),
('202337', 'IU96845', '10205', 'Personal Auto', '2011-10-02', '91.42'),
('202338', 'EX28656', '10206', 'Personal Auto', '2011-10-02', '1214.40'),
('202339', 'ZX23819', '10207', 'Personal Auto', '2011-10-02', '866.21'),
('202340', 'UA19178', '10208', 'Personal Auto', '2011-10-02', '238.01'),
('202341', 'ZK21724', '10209', 'Personal Auto', '2011-10-02', '799.20'),
('202342', 'SN41301', '10210', 'Corporate Auto', '2011-10-02', '468.00'),
('202343', 'OE51254', '10211', 'Personal Auto', '2011-10-02', '331.20'),
('202344', 'DX31066', '10212', 'Personal Auto', '2011-10-02', '159.76'),
('202345', 'IR62668', '10213', 'Personal Auto', '2011-10-02', '100.05'),
('202346', 'VO78441', '10214', 'Personal Auto', '2011-10-02', '871.51'),
('202347', 'TK30357', '10215', 'Personal Auto', '2011-10-02', '232.67'),
('202348', 'TM65736', '10216', 'Personal Auto', '2011-10-02', '361.46'),
('202349', 'UC84059', '10217', 'Personal Auto', '2011-10-02', '565.93'),
('202350', 'PZ94551', '10218', 'Special Auto', '2011-10-02', '780.09'),
('202351', 'IB80924', '10219', 'Personal Auto', '2011-10-02', '285.75'),
('202352', 'ZB50601', '10220', 'Personal Auto', '2011-10-02', '469.49'),
('202353', 'MJ51323', '10221', 'Personal Auto', '2011-10-02', '1032.00'),
('202354', 'TM14491', '10222', 'Personal Auto', '2011-10-02', '499.20'),
('202355', 'VD27065', '10223', 'Personal Auto', '2011-10-02', '513.60'),
('202356', 'VC54081', '10224', 'Special Auto', '2011-10-02', '117.74'),
('202357', 'QO79771', '10225', 'Personal Auto', '2011-10-02', '126.51'),
('202358', 'JP12645', '10226', 'Personal Auto', '2011-10-02', '499.20'),
('202359', 'YU86594', '10227', 'Personal Auto', '2011-10-02', '81.71'),
('202360', 'PY51963', '10228', 'Corporate Auto', '2011-11-01', '508.80'),
('202361', 'UG93476', '10229', 'Personal Auto', '2011-11-01', '513.60'),
('202362', 'PU25891', '10230', 'Special Auto', '2011-11-01', '53.80'),
('202363', 'AZ95587', '10231', 'Special Auto', '2011-11-01', '392.60'),
('202364', 'YL83902', '10232', 'Personal Auto', '2011-11-01', '430.99'),
('202365', 'OY38576', '10233', 'Corporate Auto', '2011-11-01', '556.80'),
('202366', 'IP66913', '10234', 'Personal Auto', '2011-11-01', '470.40'),
('202367', 'BH36570', '10235', 'Personal Auto', '2011-11-01', '350.40'),
('202368', 'HS67749', '10236', 'Corporate Auto', '2011-11-01', '205.44'),
('202369', 'BL90769', '10237', 'Personal Auto', '2011-11-01', '508.80'),
('202370', 'CY50337', '10238', 'Personal Auto', '2011-11-01', '58.56'),
('202371', 'WM65373', '10239', 'Corporate Auto', '2011-11-01', '513.60'),
('202372', 'QC89139', '10240', 'Corporate Auto', '2011-11-01', '537.60'),
('202373', 'ZU93025', '10241', 'Personal Auto', '2011-11-01', '18.92'),
('202374', 'WZ53904', '10242', 'Personal Auto', '2011-11-01', '45.51'),
('202375', 'RS24501', '10243', 'Personal Auto', '2011-11-01', '830.40'),
('202376', 'UP71482', '10244', 'Personal Auto', '2011-11-01', '383.36'),
('202377', 'WZ31900', '10245', 'Corporate Auto', '2011-11-01', '85.06'),
('202378', 'UH45301', '10246', 'Personal Auto', '2011-11-01', '340.66'),
('202379', 'EH24828', '10247', 'Personal Auto', '2011-11-01', '307.20'),
('202380', 'CE12380', '10248', 'Corporate Auto', '2011-11-01', '252.15'),
('202381', 'ZD63451', '10249', 'Personal Auto', '2011-11-01', '35.45'),
('202382', 'WU14549', '10250', 'Personal Auto', '2011-11-01', '535.93'),
('202383', 'MZ16820', '10251', 'Corporate Auto', '2011-11-01', '489.60'),
('202384', 'EO91797', '10252', 'Corporate Auto', '2011-11-01', '487.74'),
('202385', 'LF66923', '10253', 'Corporate Auto', '2011-11-02', '316.80'),
('202386', 'FM46980', '10254', 'Personal Auto', '2011-11-02', '476.16'),
('202387', 'NC99948', '10255', 'Personal Auto', '2011-11-02', '331.20'),
('202388', 'LQ68252', '10256', 'Personal Auto', '2011-11-02', '489.60'),
('202389', 'HF75891', '10257', 'Personal Auto', '2011-11-02', '722.18'),
('202390', 'MP53505', '10258', 'Corporate Auto', '2011-11-02', '333.57'),
('202391', 'RV67546', '10259', 'Personal Auto', '2011-11-02', '37.30'),
('202392', 'DM74502', '10260', 'Corporate Auto', '2011-11-02', '628.80'),
('202393', 'TR88637', '10261', 'Personal Auto', '2011-11-02', '41.97'),
('202394', 'MY13737', '10262', 'Corporate Auto', '2011-11-02', '203.35'),
('202395', 'OF78862', '10263', 'Personal Auto', '2011-11-02', '525.52'),
('202396', 'DU18362', '10264', 'Corporate Auto', '2011-11-02', '777.60'),
('202397', 'SI11249', '10265', 'Personal Auto', '2011-11-02', '312.00'),
('202398', 'RQ11502', '10266', 'Corporate Auto', '2011-11-02', '614.40'),
('202399', 'DQ79499', '10267', 'Personal Auto', '2011-11-02', '905.03'),
('202400', 'ZO14864', '10268', 'Personal Auto', '2011-11-02', '287.54'),
('202401', 'KW81128', '10269', 'Personal Auto', '2011-11-02', '45.05'),
('202402', 'AN47199', '10270', 'Personal Auto', '2011-11-02', '81.26'),
('202403', 'CP28581', '10271', 'Personal Auto', '2011-11-02', '245.08'),
('202404', 'IK92617', '10272', 'Personal Auto', '2011-11-02', '298.36'),
('202405', 'KR50062', '10273', 'Personal Auto', '2011-11-02', '442.20'),
('202406', 'IV55977', '10274', 'Personal Auto', '2011-11-02', '350.40'),
('202407', 'IL56791', '10275', 'Personal Auto', '2011-11-02', '312.00'),
('202408', 'ST27958', '10276', 'Personal Auto', '2011-11-02', '321.60'),
('202409', 'DQ50538', '10277', 'Personal Auto', '2011-11-02', '542.40'),
('202410', 'XK64261', '10278', 'Corporate Auto', '2011-12-01', '49.01'),
('202411', 'SH36774', '10279', 'Personal Auto', '2011-12-01', '921.60'),
('202412', 'GJ59592', '10280', 'Corporate Auto', '2011-12-01', '321.60'),
('202413', 'EI46264', '10281', 'Personal Auto', '2011-12-01', '84.03'),
('202414', 'QL93655', '10282', 'Personal Auto', '2011-12-01', '317.84'),
('202415', 'RA70851', '10283', 'Personal Auto', '2011-12-01', '441.60'),
('202416', 'GB33195', '10284', 'Personal Auto', '2011-12-01', '662.69'),
('202417', 'ML82674', '10285', 'Personal Auto', '2011-12-01', '253.18'),
('202418', 'QR15857', '10286', 'Personal Auto', '2011-12-01', '292.80'),
('202419', 'LK74984', '10287', 'Personal Auto', '2011-12-01', '312.00'),
('202420', 'AL96740', '10288', 'Personal Auto', '2011-12-01', '59.86'),
('202421', 'XP11075', '10289', 'Personal Auto', '2011-12-01', '710.40'),
('202422', 'EX46492', '10290', 'Personal Auto', '2011-12-01', '421.46'),
('202423', 'WO94087', '10291', 'Corporate Auto', '2011-12-01', '417.60'),
('202424', 'NM42917', '10292', 'Personal Auto', '2011-12-01', '227.92'),
('202425', 'HF75276', '10293', 'Personal Auto', '2011-12-01', '446.40'),
('202426', 'KG81168', '10294', 'Personal Auto', '2011-12-01', '74.00'),
('202427', 'UD47050', '10295', 'Corporate Auto', '2011-12-01', '364.80'),
('202428', 'XS22323', '10296', 'Personal Auto', '2011-12-01', '364.80'),
('202429', 'IV74747', '10297', 'Corporate Auto', '2011-12-01', '469.23'),
('202430', 'QK18099', '10298', 'Personal Auto', '2011-12-01', '334.89'),
('202431', 'XX29952', '10299', 'Personal Auto', '2011-12-01', '240.18'),
('202432', 'TG68823', '10300', 'Personal Auto', '2011-12-01', '321.60'),
('202433', 'SF29724', '10301', 'Personal Auto', '2011-12-01', '90.53'),
('202434', 'ZY33234', '10302', 'Personal Auto', '2011-12-01', '513.60'),
('202435', 'TC78849', '10303', 'Personal Auto', '2011-12-02', '155.94'),
('202436', 'BG15419', '10304', 'Personal Auto', '2011-12-02', '285.42'),
('202437', 'PU41872', '10305', 'Personal Auto', '2011-12-02', '48.35'),
('202438', 'KQ65521', '10306', 'Personal Auto', '2011-12-02', '86.28'),
('202439', 'XO36233', '10307', 'Personal Auto', '2011-12-02', '250.00'),
('202440', 'AB31813', '10308', 'Personal Auto', '2011-12-02', '842.39'),
('202441', 'PU85769', '10309', 'Personal Auto', '2011-12-02', '807.95'),
('202442', 'YG44474', '10310', 'Corporate Auto', '2011-12-02', '720.75'),
('202443', 'YX15941', '10311', 'Corporate Auto', '2011-12-02', '667.20'),
('202444', 'PH77560', '10312', 'Personal Auto', '2011-12-02', '700.33'),
('202445', 'MU79385', '10313', 'Personal Auto', '2011-12-02', '623.51'),
('202446', 'TA75663', '10314', 'Personal Auto', '2011-12-02', '253.36'),
('202447', 'VO87785', '10315', 'Personal Auto', '2011-12-02', '378.70'),
('202448', 'MZ24175', '10316', 'Personal Auto', '2011-12-02', '379.20'),
('202449', 'PO90615', '10317', 'Personal Auto', '2011-12-02', '329.21'),
('202450', 'BM69818', '10318', 'Personal Auto', '2011-12-02', '379.20'),
('202451', 'QN15356', '10319', 'Personal Auto', '2011-12-02', '532.80'),
('202452', 'IA52178', '10320', 'Corporate Auto', '2011-12-02', '940.80'),
('202453', 'PA48777', '10321', 'Personal Auto', '2011-12-02', '329.21'),
('202454', 'KZ22690', '10322', 'Personal Auto', '2011-12-02', '42.69'),
('202455', 'WH82416', '10323', 'Personal Auto', '2011-12-02', '375.11'),
('202456', 'IB41597', '10324', 'Personal Auto', '2011-12-02', '401.61'),
('202457', 'KG83280', '10325', 'Personal Auto', '2011-12-02', '379.20'),
('202458', 'MK73855', '10326', 'Personal Auto', '2011-12-02', '326.40'),
('202459', 'LS51818', '10327', 'Personal Auto', '2011-12-02', '897.60');

-- --------------------------------------------------------

--
-- Struktur dari tabel `user`
--

CREATE TABLE `user` (
  `kodeuser` int(5) NOT NULL,
  `nama` varchar(40) NOT NULL,
  `username` varchar(40) NOT NULL,
  `password` varchar(40) NOT NULL,
  `status` varchar(10) NOT NULL
) ENGINE=InnoDB DEFAULT CHARSET=latin1;

--
-- Dumping data untuk tabel `user`
--

INSERT INTO `user` (`kodeuser`, `nama`, `username`, `password`, `status`) VALUES
(1, 'admin', 'admin', 'admin', 'admin'),
(2, 'user', 'user', '123456', 'user');

--
-- Indexes for dumped tables
--

--
-- Indeks untuk tabel `kendaraan`
--
ALTER TABLE `kendaraan`
  ADD PRIMARY KEY (`nomorkendaraan`);

--
-- Indeks untuk tabel `nasabah`
--
ALTER TABLE `nasabah`
  ADD PRIMARY KEY (`kodenasabah`);

--
-- Indeks untuk tabel `polis`
--
ALTER TABLE `polis`
  ADD PRIMARY KEY (`kodepolis`);

--
-- Indeks untuk tabel `premi`
--
ALTER TABLE `premi`
  ADD PRIMARY KEY (`kodepremi`);

--
-- Indeks untuk tabel `user`
--
ALTER TABLE `user`
  ADD PRIMARY KEY (`kodeuser`);

--
-- AUTO_INCREMENT untuk tabel yang dibuang
--

--
-- AUTO_INCREMENT untuk tabel `user`
--
ALTER TABLE `user`
  MODIFY `kodeuser` int(5) NOT NULL AUTO_INCREMENT, AUTO_INCREMENT=3;
COMMIT;

/*!40101 SET CHARACTER_SET_CLIENT=@OLD_CHARACTER_SET_CLIENT */;
/*!40101 SET CHARACTER_SET_RESULTS=@OLD_CHARACTER_SET_RESULTS */;
/*!40101 SET COLLATION_CONNECTION=@OLD_COLLATION_CONNECTION */;
